    0.0000000000000         0.0000000000000         229.99991560976        0.32782253853447        0.32776606575844        0.56861523179902E-01     11.294555206329         11.481882371206         0.0000000000000         0.0000000000000     
   0.35000000000000E-04    0.35000000000000E-04     229.97989442810         1.6305506302502         1.6303815353171        0.39557850313783         33.818986633444         34.376075520976         0.0000000000000         0.0000000000000     
   0.70000000000000E-04    0.70000000000000E-04     229.91983436873         4.2024613725801         4.2021806069766         1.4005606603586         56.153120701285         57.065695095084         0.0000000000000         0.0000000000000     
   0.10500000000000E-03    0.10500000000000E-03     229.81974588797         7.9779532640324         7.9775623723799         3.4892300133510         78.178330500644         79.423180044818         0.0000000000000         0.0000000000000     
   0.14000000000000E-03    0.14000000000000E-03     229.67964641093         12.861397869810         12.860898952915         7.0437967610022         99.783379035117         101.32906926567         0.0000000000000         0.0000000000000     
   0.17500000000000E-03    0.17500000000000E-03     229.49956032856         18.729974205045         18.729369869653         12.401943576994         120.86707844845         122.67486040945         0.0000000000000         0.0000000000000     
   0.21000000000000E-03    0.21000000000000E-03     229.27951899336         25.437156461608         25.436449758317         19.848768283113         141.34065816621         143.36555178039         0.0000000000000         0.0000000000000     
   0.24500000000000E-03    0.24500000000000E-03     229.01956071394         32.816757569227         32.815951920298         29.610172842026         161.12978565593         163.32180696040         0.0000000000000         0.0000000000000     
   0.28000000000000E-03    0.28000000000000E-03     228.71973074832         40.687418261760         40.686517380794         41.847847293531         180.17619312582         182.48169221709         0.0000000000000         0.0000000000000     
   0.31500000000000E-03    0.31500000000000E-03     228.38008129609         48.857421478288         48.856429283918         56.655954692478         198.43887411091         200.80194828623         0.0000000000000         0.0000000000000     
   0.35000000000000E-03    0.35000000000000E-03     228.00067148930         57.129705276347         57.128625802220         74.059578417837         215.89482534210         218.25877047995         0.0000000000000         0.0000000000000     
   0.38500000000000E-03    0.38500000000000E-03     227.58156738218         65.306944097159         65.305781400553         94.014947575877         232.53932116694         234.84808392669         0.0000000000000         0.0000000000000     
   0.42000000000000E-03    0.42000000000000E-03     227.12284193961         73.196568240440         73.195326311841         116.41141078984         248.38571987270         250.58531376625         0.0000000000000         0.0000000000000     
   0.45500000000000E-03    0.45500000000000E-03     226.62457502445         80.615594733382         80.614277409316         141.07508460633         263.46481315255         265.50466296925         0.0000000000000         0.0000000000000     
   0.49000000000000E-03    0.49000000000000E-03     226.08685338364         87.395149285648         87.393760166941         167.77406115675         277.82374144481         279.65792280084         0.0000000000000         0.0000000000000     
   0.52500000000000E-03    0.52500000000000E-03     225.50977063304         93.384568501149         93.383110878606         196.22502161546         291.52450858606         293.11285249604         0.0000000000000         0.0000000000000     
   0.56000000000000E-03    0.56000000000000E-03     224.89342724121         98.454983686939         98.453460476244         226.10106831566         304.64213898001         305.95117517619         0.0000000000000         0.0000000000000     
   0.59500000000000E-03    0.59500000000000E-03     224.23793051186         102.50230211392         102.50071580127         257.04055991719         317.26252896994         318.26624616060         0.0000000000000         0.0000000000000     
   0.63000000000000E-03    0.63000000000000E-03     223.54339456521         105.44951804253         105.44787064227         288.65671142061         329.48005120398         330.16045740110         0.0000000000000         0.0000000000000     
   0.66500000000000E-03    0.66500000000000E-03     222.80994031808         107.24830378431         107.24659680943         320.54770458461         341.39497624855         341.74244761817         0.0000000000000         0.0000000000000     
   0.70000000000000E-03    0.70000000000000E-03     222.03769546287         107.87985005041         107.87808449651         352.30704475642         353.11077950857         353.12419171958         0.0000000000000         0.0000000000000     
   0.73500000000000E-03    0.73500000000000E-03     221.22679444533         107.35494434410         107.35312068708         383.53389741951         364.73140348864         364.41804515973         0.0000000000000         0.0000000000000     
   0.77000000000000E-03    0.77000000000000E-03     220.37737844112         105.71329568329         105.71141389056         413.84314187676         376.35854564318         375.73381902306         0.0000000000000         0.0000000000000     
   0.80500000000000E-03    0.80500000000000E-03     219.48959533128         103.02213299363         103.02019254843         442.87489022271         388.08904044211         387.17595981101         0.0000000000000         0.0000000000000     
   0.84000000000000E-03    0.84000000000000E-03     218.56359967645         99.374122615019         99.372122553014         470.30323675442         400.01240097946         398.84090425135         0.0000000000000         0.0000000000000     
   0.87500000000000E-03    0.87500000000000E-03     217.59955268997         94.884667066913         94.882606024011         495.84402570884         412.20858049107         410.81467404883         0.0000000000000         0.0000000000000     
   0.91000000000000E-03    0.91000000000000E-03     216.59762220980         89.688662114541         89.686538384502         519.26145304127         424.74600776319         423.17076851836         0.0000000000000         0.0000000000000     
   0.94500000000000E-03    0.94500000000000E-03     215.55798266935         83.936801914426         83.934613514713         540.37335009618         437.67994269727         435.96840468489         0.0000000000000         0.0000000000000     
   0.98000000000000E-03    0.98000000000000E-03     214.48081506703         77.791532299428         77.789277043480         559.05503259531         451.05118955334         449.25114492858         0.0000000000000         0.0000000000000     
   0.10150000000000E-02    0.10150000000000E-02     213.36630693481         71.422759861551         71.420435435572         575.24163642522         464.88519576877         463.04594185760         0.0000000000000         0.0000000000000     
   0.10500000000000E-02    0.10500000000000E-02     212.21465230556         65.003429248740         65.001033290969         588.92890124772         479.19155409040         477.36261907997         0.0000000000000         0.0000000000000     
   0.10850000000000E-02    0.10850000000000E-02     211.02605167922         58.705082926692         58.702613107116         600.17240295561         493.96391523902         492.19379520829         0.0000000000000         0.0000000000000     
   0.11200000000000E-02    0.11200000000000E-02     209.80071198794         52.693516561351         52.690970659812         609.08527542896         509.18030781037         507.51524706091         0.0000000000000         0.0000000000000     
   0.11550000000000E-02    0.11550000000000E-02     208.53884656006         47.124639219478         47.122015200219         615.83449992016         524.80385178213         523.28669690767         0.0000000000000         0.0000000000000     
   0.11900000000000E-02    0.11900000000000E-02     207.24067508294         42.140640902864         42.137936983653         620.63587576509         540.78384219306         539.45299802946         0.0000000000000         0.0000000000000     
   0.12250000000000E-02    0.12250000000000E-02     205.90642356472         37.866560732995         37.863775447143         623.74781811899         557.05717043993         555.94568307789         0.0000000000000         0.0000000000000     
   0.12600000000000E-02    0.12600000000000E-02     204.53632429497         34.407337655198         34.404469904985         625.46415627963         573.55004251391         572.68483097435         0.0000000000000         0.0000000000000     
   0.12950000000000E-02    0.12950000000000E-02     203.13061580428         31.845412155976         31.842461256243         626.10612923459         590.17994647259         589.58120058402         0.0000000000000         0.0000000000000     
   0.13300000000000E-02    0.13300000000000E-02     201.68954282269         30.238932550478         30.235898261399         626.01379283210         606.85781577140         606.53857331397         0.0000000000000         0.0000000000000     
   0.13650000000000E-02    0.13650000000000E-02     200.21335623712         29.620603299815         29.617485848161         625.53706504485         623.49033079506         623.45624225211         0.0000000000000         0.0000000000000     
   0.14000000000000E-02    0.14000000000000E-02     198.70231304765         29.997195985231         29.993996073740         625.02664194502         639.98229821518         640.23158257837         0.0000000000000         0.0000000000000     
   0.14350000000000E-02    0.14350000000000E-02     197.15667632282         31.349726435941         31.346445240708         624.82501715790         656.23904661285         656.76263679293         0.0000000000000         0.0000000000000     
   0.14700000000000E-02    0.14700000000000E-02     195.57671515380         33.634284519430         33.630923675544         625.25783178995         672.16877724423         672.95064882615         0.0000000000000         0.0000000000000     
   0.15050000000000E-02    0.15050000000000E-02     193.96270460757         36.783486687279         36.780048263225         626.62577036042         687.68481077007         688.70248328407         0.0000000000000         0.0000000000000     
   0.15400000000000E-02    0.15400000000000E-02     192.31492567898         40.708505935801         40.704992397430         629.19720147249         702.70767423625         703.93286986427         0.0000000000000         0.0000000000000     
   0.15750000000000E-02    0.15750000000000E-02     190.63366524190         45.301619768372         45.298033933485         633.20174033955         717.16697738415         718.56641823189         0.0000000000000         0.0000000000000     
   0.16100000000000E-02    0.16100000000000E-02     188.91921599922         50.439204374565         50.435549359398         638.82488444890         731.00303343641         732.53935522078         0.0000000000000         0.0000000000000     
   0.16450000000000E-02    0.16450000000000E-02     187.17187643192         55.985092861996         55.981372021063         646.20384431381         744.16818658433         745.80094393564         0.0000000000000         0.0000000000000     
   0.16800000000000E-02    0.16800000000000E-02     185.39195074709         61.794207227047         61.790424087965         655.42465922691         756.62781639402         758.31455296560         0.0000000000000         0.0000000000000     
   0.17150000000000E-02    0.17150000000000E-02     183.57974882498         67.716368007578         67.712526202589         666.52065403670         768.36099794353         770.05835324654         0.0000000000000         0.0000000000000     
   0.17500000000000E-02    0.17500000000000E-02     181.73558616504         73.600182338043         73.596285534015         679.47225810933         779.36080556689         781.02562988129         0.0000000000000         0.0000000000000     
   0.17850000000000E-02    0.17850000000000E-02     179.85978383101         79.296910472843         79.292962301557         694.20817271088         789.63425728465         791.22470619014         0.0000000000000         0.0000000000000     
   0.18200000000000E-02    0.18200000000000E-02     177.95266839501         84.664212739565         84.660216730034         710.60783893946         799.20190620060         800.67848716182         0.0000000000000         0.0000000000000     
   0.18550000000000E-02    0.18550000000000E-02     176.01457188066         89.569683247009         89.565642761539         728.50512590807         808.09709401430         809.42363905734         0.0000000000000         0.0000000000000     
   0.18900000000000E-02    0.18900000000000E-02     174.04583170533         93.894083359708         93.890001535257         747.69312893018         816.36489021016         817.50943094580         0.0000000000000         0.0000000000000     
   0.19250000000000E-02    0.19250000000000E-02     172.04679062137         97.534196759291         97.530076455551         767.92994071914         824.06074813660         824.99627220072         0.0000000000000         0.0000000000000     
   0.19600000000000E-02    0.19600000000000E-02     170.01779665642         100.40523859108         100.40108234650         788.94523571569         831.24891598983         831.95398725817         0.0000000000000         0.0000000000000     
   0.19950000000000E-02    0.19950000000000E-02     167.95920305283         102.44276344496         102.43857344173         810.44748913618         838.00064641432         838.45987506248         0.0000000000000         0.0000000000000     
   0.20300000000000E-02    0.20300000000000E-02     165.87136820620         103.60403040983         103.59980844856         832.13163859930         844.39225298599         844.59660546062         0.0000000000000         0.0000000000000     
   0.20650000000000E-02    0.20650000000000E-02     163.75465560293         103.86879781165         103.86454529633         853.68698752606         850.50306506438         850.45000824794         0.0000000000000         0.0000000000000     
   0.21000000000000E-02    0.21000000000000E-02     161.60943375694         103.23953511785         103.23525305118         874.80514606792         856.41333441207         856.10681254634         0.0000000000000         0.0000000000000     
   0.21350000000000E-02    0.21350000000000E-02     159.43607614557         101.74105448196         101.73674347122         895.18780711896         862.20214746374         861.65239468039         0.0000000000000         0.0000000000000     
   0.21700000000000E-02    0.21700000000000E-02     157.23496114450         99.419579127792         99.415239400811         914.55416189271         867.94539627834         867.16859171645         0.0000000000000         0.0000000000000     
   0.22050000000000E-02    0.22050000000000E-02     155.00647196189         96.341279862174         96.336911292879         932.64777134825         873.71385897809         872.73163538820         0.0000000000000         0.0000000000000     
   0.22400000000000E-02    0.22400000000000E-02     152.75099657169         92.590324109000         92.585926251815         949.24272606620         879.57143703006         878.41025733242         0.0000000000000         0.0000000000000     
   0.22750000000000E-02    0.22750000000000E-02     150.46892764606         88.266493655467         88.262065787507         964.14894752912         885.57359207628         884.26401151475         0.0000000000000         0.0000000000000     
   0.23100000000000E-02    0.23100000000000E-02     148.16066248704         83.482437511337         83.477978681240         977.21650757896         891.76601938986         890.34185358330         0.0000000000000         0.0000000000000     
   0.23450000000000E-02    0.23450000000000E-02     145.82660295734         78.360634665596         78.356143747653         988.33886945496         898.18358849390         896.68100981717         0.0000000000000         0.0000000000000     
   0.23800000000000E-02    0.23800000000000E-02     143.46715541041         73.030147893574         73.025623645703         997.45498254381         904.84957429647         903.30616053204         0.0000000000000         0.0000000000000     
   0.24150000000000E-02    0.24150000000000E-02     141.08273061970         67.623253986528         67.618695110556         1,004.550193039         911.77519436904         910.22895447229         0.0000000000000         0.0000000000000     
   0.24500000000000E-02    0.24500000000000E-02     138.67374370711         62.272037766607         62.267442969307         1,009.655963335         918.95946002171         917.44786207850         0.0000000000000         0.0000000000000     
   0.24850000000000E-02    0.24850000000000E-02     136.24061407075         57.105036992567         57.100405045863         1,012.848423354         926.38934072277         924.94836679510         0.0000000000000         0.0000000000000     
   0.25200000000000E-02    0.25200000000000E-02     133.78376531191         52.244022792220         52.239352591053         1,014.245806430         934.04023346975         932.70348499722         0.0000000000000         0.0000000000000     
   0.25550000000000E-02    0.25550000000000E-02     131.30362516131         47.800995669326         47.796286285720         1,014.004849990         941.87672105465         940.67459688553         0.0000000000000         0.0000000000000     
   0.25900000000000E-02    0.25900000000000E-02     128.80062540464         43.875470570423         43.870721302443         1,012.316266548         949.85359605810         948.81256302785         0.0000000000000         0.0000000000000     
   0.26250000000000E-02    0.26250000000000E-02     126.27520180741         40.552116154768         40.547326569163         1,009.399412732         957.91712093943         957.05909430359         0.0000000000000         0.0000000000000     
   0.26600000000000E-02    0.26600000000000E-02     123.72779403901         37.898803523987         37.893973491542         1,005.496302732         966.00648900760         965.34833699728         0.0000000000000         0.0000000000000     
   0.26950000000000E-02    0.26950000000000E-02     121.15884559627         35.965108509732         35.960238232500         1,000.865127271         974.05544640159         973.60862983234         0.0000000000000         0.0000000000000     
   0.27300000000000E-02    0.27300000000000E-02     118.56880372615         34.781299488343         34.776389518185         995.77344958064         981.99403167487         981.76438594619         0.0000000000000         0.0000000000000     
   0.27650000000000E-02    0.27650000000000E-02     115.95811934794         34.357829912888         34.352881160952         990.49125577760         989.75038715026         989.73805026440         0.0000000000000         0.0000000000000     
   0.28000000000000E-02    0.28000000000000E-02     113.32724697473         34.685341658660         34.680355395685         985.28403835138         997.25259502732         997.45208148219         0.0000000000000         0.0000000000000     
   0.28350000000000E-02    0.28350000000000E-02     110.67664463429         35.735172205589         35.730150053133         980.40608819762         1,004.430491206         1,004.830907921         0.0000000000000         0.0000000000000     
   0.28700000000000E-02    0.28700000000000E-02     108.00677378931         37.460345962097         37.455289875042         976.09416298719         1,011.217411016         1,011.802807876         0.0000000000000         0.0000000000000     
   0.29050000000000E-02    0.29050000000000E-02     105.31809925710         39.797017988562         39.791930229445         972.56168781099         1,017.551823362         1,018.301667659         0.0000000000000         0.0000000000000     
   0.29400000000000E-02    0.29400000000000E-02     102.61108912861         42.666327301819         42.661210407753         969.99362840560         1,023.378813254         1,024.268574278         0.0000000000000         0.0000000000000     
   0.29750000000000E-02    0.29750000000000E-02     99.886214686990         45.976607103818         45.971463846932         968.54215826679         1,028.651377048         1,029.653204482         0.0000000000000         0.0000000000000     
   0.30100000000000E-02    0.30100000000000E-02     97.143950325508         49.625890911015         49.620724253515         968.32321913213         1,033.331500006         1,034.414977604         0.0000000000000         0.0000000000000     
   0.30450000000000E-02    0.30450000000000E-02     94.384773464975         53.504646859345         53.499459904387         969.41405025264         1,037.390991695         1,038.523946067         0.0000000000000         0.0000000000000     
   0.30800000000000E-02    0.30800000000000E-02     91.609164470622         57.498667570520         57.493463510213         971.85173621858         1,040.812061262         1,041.961404439         0.0000000000000         0.0000000000000     
   0.31150000000000E-02    0.31150000000000E-02     88.817606568468         61.492039988996         61.486822050889         975.63279653022         1,043.587621453         1,044.720205372         0.0000000000000         0.0000000000000     
   0.31500000000000E-02    0.31500000000000E-02     86.010585761195         65.370118584957         65.364889978371         980.71381329933         1,045.721317319         1,046.804778312         0.0000000000000         0.0000000000000     
   0.31850000000000E-02    0.31850000000000E-02     83.188590743534         69.022426266481         69.017190130068         987.01306711468         1,047.227282582         1,048.230854550         0.0000000000000         0.0000000000000     
   0.32200000000000E-02    0.32200000000000E-02     80.352112817188         72.345410203148         72.340169554980         994.41312587094         1,048.129633544         1,049.024909540         0.0000000000000         0.0000000000000     
   0.32550000000000E-02    0.32550000000000E-02     77.501645805292         75.244984435114         75.239742126529         1,002.764307869         1,048.461716936         1,049.223340501         0.0000000000000         0.0000000000000     
   0.32900000000000E-02    0.32900000000000E-02     74.637685966445         77.638797482960         77.633556157289         1,011.888919331         1,048.265134177         1,048.871403782         0.0000000000000         0.0000000000000     
   0.33250000000000E-02    0.33250000000000E-02     71.760731908310         79.458171000574         79.452933057724         1,021.586148104         1,047.588569845         1,048.021942250         0.0000000000000         0.0000000000000     
   0.33600000000000E-02    0.33600000000000E-02     68.871284500808         80.649664606883         80.644432174599         1,031.637480271         1,046.486456824         1,046.733937908         0.0000000000000         0.0000000000000     
   0.33950000000000E-02    0.33950000000000E-02     65.969846788919         81.176232144078         81.171007056507         1,041.812494854         1,045.017514254         1,045.070928905         0.0000000000000         0.0000000000000     
   0.34300000000000E-02    0.34300000000000E-02     63.056923905103         81.017945469121         81.012729253135         1,051.874884142         1,043.243197200         1,043.099333020         0.0000000000000         0.0000000000000     
   0.34650000000000E-02    0.34650000000000E-02     60.133022981357         80.172273205672         80.167067075179         1,061.588543508         1,041.226098636         1,040.886721522         0.0000000000000         0.0000000000000     
   0.35000000000000E-02    0.35000000000000E-02     57.198653060924         78.653913370871         78.648718229146         1,070.723574900         1,039.028345052         1,038.500087974         0.0000000000000         0.0000000000000     
   0.35350000000000E-02    0.35350000000000E-02     54.254325009673         76.494190151387         76.489006601254         1,079.062052505         1,036.710026541         1,036.004156065         0.0000000000000         0.0000000000000     
   0.35700000000000E-02    0.35700000000000E-02     51.300551427154         73.740036048566         73.734864410062         1,086.403407160         1,034.327700856         1,033.459768988         0.0000000000000         0.0000000000000     
   0.36050000000000E-02    0.36050000000000E-02     48.337846557361         70.452590870655         70.447431205613         1,092.569297725         1,031.933008449         1,030.922400216         0.0000000000000         0.0000000000000     
   0.36400000000000E-02    0.36400000000000E-02     45.366726199200         66.705458369271         66.700310512110         1,097.407852462         1,029.571432247         1,028.440821908         0.0000000000000         0.0000000000000     
   0.36750000000000E-02    0.36750000000000E-02     42.387707616690         62.582669473330         62.577533067171         1,100.797181045         1,027.281231720         1,026.055962689         0.0000000000000         0.0000000000000     
   0.37100000000000E-02    0.37100000000000E-02     39.401309448911         58.176407874675         58.171282411795         1,102.648077739         1,025.092576024         1,023.799981284         0.0000000000000         0.0000000000000     
   0.37450000000000E-02    0.37450000000000E-02     36.408051619708         53.584559011072         53.579443876594         1,102.905857903         1,023.026895555         1,021.695576659         0.0000000000000         0.0000000000000     
   0.37800000000000E-02    0.37800000000000E-02     33.408455247174         48.908147159857         48.903041677530         1,101.551292806         1,021.096465472         1,019.755549025         0.0000000000000         0.0000000000000     
   0.38150000000000E-02    0.38150000000000E-02     30.403042552927         44.248727327918         44.243630806775         1,098.600631156         1,019.304228636         1,017.982619465         0.0000000000000         0.0000000000000     
   0.38500000000000E-02    0.38500000000000E-02     27.392336771188         39.705798873619         39.700710654323         1,094.104719097         1,017.643859248         1,016.369509302         0.0000000000000         0.0000000000000     
   0.38850000000000E-02    0.38850000000000E-02     24.376862057693         35.374306340633         35.369225840322         1,088.147253226         1,016.100062310         1,014.899273666         0.0000000000000         0.0000000000000     
   0.39200000000000E-02    0.39200000000000E-02     21.357143398435         31.342289882375         31.337216636884         1,080.842222745         1,014.649098115         1,013.545877355         0.0000000000000         0.0000000000000     
   0.39550000000000E-02    0.39550000000000E-02     18.333706518266         27.688743010008         27.683676712431         1,072.330616735         1,013.259515384         1,012.274995075         0.0000000000000         0.0000000000000     
   0.39900000000000E-02    0.39900000000000E-02     15.307077789371         24.481729345731         24.476669880373         1,062.776490203         1,011.893071598         1,011.045012671         0.0000000000000         0.0000000000000     
   0.40250000000000E-02    0.40250000000000E-02     12.277784139627         21.776802779087         21.771750250014         1,052.362497583         1,010.505814576         1,009.808201179         0.0000000000000         0.0000000000000     
   0.40600000000000E-02    0.40600000000000E-02     9.2463529608673         19.615767109329         19.610721862851         1,041.285014472         1,009.049295634         1,008.512031505         0.0000000000000         0.0000000000000     
   0.40950000000000E-02    0.40950000000000E-02     6.2133120170608         18.025802136648         18.020764777240         1,029.748977207         1,007.471881682         1,007.100594398         0.0000000000000         0.0000000000000     
   0.41300000000000E-02    0.41300000000000E-02     3.1791893524345         17.018973482237         17.013944881579         1,017.962575313         1,005.720131559         1,005.516088183         0.0000000000000         0.0000000000000     
   0.41650000000000E-02    0.41650000000000E-02    0.14451319953909         16.592133425509         16.587114724506         1,006.131933789         1,003.740200730         1,003.700335502         0.0000000000000         0.0000000000000     
   0.42000000000000E-02    0.42000000000000E-02    -2.8901881127133         16.727210004557         16.722202608366         994.45592059713         1,001.479238246         1,001.596290091         0.0000000000000         0.0000000000000     
   0.42350000000000E-02    0.42350000000000E-02    -5.9243862510313         17.391871789237         17.386877355534         983.12120970070         998.88674052613         999.14949541543         0.0000000000000         0.0000000000000     
   0.42700000000000E-02    0.42700000000000E-02    -8.9575529697239         18.540546352455         18.535566773315         972.29772177286         995.91582812879         996.30945870419         0.0000000000000         0.0000000000000     
   0.43050000000000E-02    0.43050000000000E-02    -11.989160202667         20.115761766834         20.110799144764         962.13455340075         992.52441406628         993.03090658481         0.0000000000000         0.0000000000000     
   0.43400000000000E-02    0.43400000000000E-02    -15.018680155242         22.049772652913         22.044829271736         952.75649172876         988.67623541692         989.27489197615         0.0000000000000         0.0000000000000     
   0.43750000000000E-02    0.43750000000000E-02    -18.045585396215         24.266425587706         24.261503879086         944.26119526892         984.34172383317         985.00972609383         0.0000000000000         0.0000000000000     
   0.44100000000000E-02    0.44100000000000E-02    -21.069348949571         26.683213204945         26.678315711470         936.71710358232         979.49869498595         980.21171422086         0.0000000000000         0.0000000000000     
   0.44450000000000E-02    0.44450000000000E-02    -24.089444386251         29.213462203304         29.208591539094         930.16211915224         974.13284183907         974.86567917465         0.0000000000000         0.0000000000000     
   0.44800000000000E-02    0.44800000000000E-02    -27.105345915808         31.768597812547         31.763756622437         924.60308454813         968.23802186216         968.96526201757         0.0000000000000         0.0000000000000     
   0.45150000000000E-02    0.45150000000000E-02    -30.116528477940         34.260426098221         34.255617016553         920.01605744254         961.81633364163         962.51299536374         0.0000000000000         0.0000000000000     
   0.45500000000000E-02    0.45500000000000E-02    -33.122467833906         36.603375822633         36.598601432714         916.34736571850         954.87798378840         955.52015048023         0.0000000000000         0.0000000000000     
   0.45850000000000E-02    0.45850000000000E-02    -36.122640657794         38.716643394631         38.711906189879         913.51540530599         947.44095033956         948.00636511744         0.0000000000000         0.0000000000000     
   0.46200000000000E-02    0.46200000000000E-02    -39.116524627628         40.526187667041         40.521490014771         911.41312500161         939.53045396501         939.99906448565         0.0000000000000         0.0000000000000     
   0.46550000000000E-02    0.46550000000000E-02    -42.103598516305         41.966525877308         41.961869986043         909.91112580718         931.17825300240         931.53269288763         0.0000000000000         0.0000000000000     
   0.46900000000000E-02    0.46900000000000E-02    -45.083342282338         42.982287741077         42.977675632163         908.86128767242         922.42178263063         922.64777809613         0.0000000000000         0.0000000000000     
   0.47250000000000E-02    0.47250000000000E-02    -48.055237160397         43.529491438731         43.524924922920         908.10082428989         913.30316215838         913.38985452011         0.0000000000000         0.0000000000000     
   0.47600000000000E-02    0.47600000000000E-02    -51.018765751620         43.576512796602         43.571993456115         907.45665704454         903.86809745777         903.80827444340         0.0000000000000         0.0000000000000     
   0.47950000000000E-02    0.47950000000000E-02    -53.973412113692         43.104727153987         43.100256330448         906.74999257304         894.16470785198         893.95493907057         0.0000000000000         0.0000000000000     
   0.48300000000000E-02    0.48300000000000E-02    -56.918661850672         42.108812007680         42.104390796138         905.80098476845         884.24230831392         883.88298272600         0.0000000000000         0.0000000000000     
   0.48650000000000E-02    0.48650000000000E-02    -59.854002202547         40.596707313058         40.592336562166         904.43336152608         874.15017853083         873.64544429325         0.0000000000000         0.0000000000000     
   0.49000000000000E-02    0.49000000000000E-02    -62.778922134498         38.589239068949         38.584919387197         902.47889903729         863.93635032001         863.29395984668         0.0000000000000         0.0000000000000     
   0.49350000000000E-02    0.49350000000000E-02    -65.692912425875         36.119420300538         36.115152068318         899.78163189633         853.64644396698         852.87750942979         0.0000000000000         0.0000000000000     
   0.49700000000000E-02    0.49700000000000E-02    -68.595465758848         33.231451568222         33.227234955310         896.20169551066         843.32258242319         842.44124911334         0.0000000000000         0.0000000000000     
   0.50050000000000E-02    0.50050000000000E-02    -71.486076806732         29.979450473063         29.975285461014         891.61870805234         833.00240990733         832.02545687710         0.0000000000000         0.0000000000000     
   0.50400000000000E-02    0.50400000000000E-02    -74.364242321960         26.425946123783         26.421832532590         885.93461214945         822.71823846329         821.66461757965         0.0000000000000         0.0000000000000     
   0.50750000000000E-02    0.50750000000000E-02    -77.229461223698         22.640180022249         22.636117540537         879.07591133179         812.49634243369         811.38666840217         0.0000000000000         0.0000000000000     
   0.51100000000000E-02    0.51100000000000E-02    -80.081234685085         18.696259188076         18.692247405992         870.99525251378         802.35641679926         801.21242178268         0.0000000000000         0.0000000000000     
   0.51450000000000E-02    0.51450000000000E-02    -82.919066220073         14.671210482471         14.667248926416         861.67232308546         792.31121092911         791.15517811392         0.0000000000000         0.0000000000000     
   0.51800000000000E-02    0.51800000000000E-02    -85.742461769865         10.642986943569         10.639075111846         851.11404903609         782.36634469311         781.22053548608         0.0000000000000         0.0000000000000     
   0.52150000000000E-02    0.52150000000000E-02    -88.550929788932         6.6884774803681         6.6846148788225         839.35409849358         772.52030913305         771.40639864682         0.0000000000000         0.0000000000000     
   0.52500000000000E-02    0.52500000000000E-02    -91.343981330586         2.8815704942735         2.8777566710275         826.45171266714         762.76464918907         761.70318425468         0.0000000000000         0.0000000000000     
   0.52850000000000E-02    0.52850000000000E-02    -94.121130132107       -0.70868005636018       -0.71244547796697         812.48990298894         753.08432135865         752.09421454982         0.0000000000000         0.0000000000000     
   0.53200000000000E-02    0.53200000000000E-02    -96.881892699399        -4.0197408930386        -4.0234581841128         797.57306884453         743.45821483550         742.55628688050         0.0000000000000         0.0000000000000     
   0.53550000000000E-02    0.53550000000000E-02    -99.625788391164        -6.9970970662398        -7.0007663653430         781.82410428351         733.85982065027         733.06040222058         0.0000000000000         0.0000000000000     
   0.53900000000000E-02    0.53900000000000E-02    -102.35233950258        -9.5955254753481        -9.5991467654971         765.38107417411         724.25802980192         723.57263199783         0.0000000000000         0.0000000000000     
   0.54250000000000E-02    0.54250000000000E-02    -105.06107134848        -11.780114897195        -11.783687987387         748.39355012969         714.61803832261         714.05509931421         0.0000000000000         0.0000000000000     
   0.54600000000000E-02    0.54600000000000E-02    -107.75151234596        -13.527010003599        -13.530534515273         731.01870396837         704.90233481911         704.46704805242         0.0000000000000         0.0000000000000     
   0.54950000000000E-02    0.54950000000000E-02    -110.42319409654        -14.823864171285        -14.827339530007         713.41726131422         695.07174424382         694.76597148611         0.0000000000000         0.0000000000000     
   0.55300000000000E-02    0.55300000000000E-02    -113.07565146763        -15.669993498230        -15.673418930732         695.74942012103         685.08650059486         684.90877088002         0.0000000000000         0.0000000000000     
   0.55650000000000E-02    0.55650000000000E-02    -115.70842267359        -16.076232141382        -16.079606677986         678.17083837765         674.90732085486         674.85291420218         0.0000000000000         0.0000000000000     
   0.56000000000000E-02    0.56000000000000E-02    -118.32104935606        -16.064496684803        -16.067819167067         660.82879208818         664.49645284219         664.55756547006         0.0000000000000         0.0000000000000     
   0.56350000000000E-02    0.56350000000000E-02    -120.91307666381        -15.667074542865        -15.670343636218         643.85859892623         653.81867065821         653.98465639717         0.0000000000000         0.0000000000000     
   0.56700000000000E-02    0.56700000000000E-02    -123.48405333189        -14.925658218738        -14.928872429704         627.38039491856         642.84219312395         643.09987385592         0.0000000000000         0.0000000000000     
   0.57050000000000E-02    0.57050000000000E-02    -126.03353176022        -13.890153407155        -13.893311104669         611.49634135762         631.53950286744         631.87353917066         0.0000000000000         0.0000000000000     
   0.57400000000000E-02    0.57400000000000E-02    -128.56106809149        -12.617294304156        -12.620393744389         596.28832715951         619.88804657337         620.28135832901         0.0000000000000         0.0000000000000     
   0.57750000000000E-02    0.57750000000000E-02    -131.06622228847        -11.169103939342        -11.172143293342         581.81621840423         607.87080016889         608.30502576457         0.0000000000000         0.0000000000000     
   0.58100000000000E-02    0.58100000000000E-02    -133.54855821059        -9.6112407772049        -9.6142181606369         568.11669218215         595.47668639580         595.93266832134         0.0000000000000         0.0000000000000     
   0.58450000000000E-02    0.58450000000000E-02    -136.00764368986        -8.0112751699400        -8.0141886741206         555.20267651001         582.70083611963         583.15912025538         0.0000000000000         0.0000000000000     
   0.58800000000000E-02    0.58800000000000E-02    -138.44305060617        -6.4369404401245        -6.4397881635687         543.06340237319         569.54468883951         569.98602454936         0.0000000000000         0.0000000000000     
   0.59150000000000E-02    0.59150000000000E-02    -140.85435496176        -4.9544034127493        -4.9571834924093         531.66505830248         556.01593199009         556.42176029588         0.0000000000000         0.0000000000000     
   0.59500000000000E-02    0.59500000000000E-02    -143.24113695505        -3.6265981168339        -3.6293087582477         520.95202269984         542.12828275484         542.48120033243         0.0000000000000         0.0000000000000     
   0.59850000000000E-02    0.59850000000000E-02    -145.60298105375        -2.5116641805904        -2.5143036861906         510.84863476921         527.90112004184         528.18530757067         0.0000000000000         0.0000000000000     
   0.60200000000000E-02    0.60200000000000E-02    -147.93947606720        -1.6615282214781        -1.6640950163681         501.26145173931         513.35897800342         513.56058245123         0.0000000000000         0.0000000000000     
   0.60550000000000E-02    0.60550000000000E-02    -150.25021521793        -1.1206623793055        -1.1231550338846         492.08192840426         498.53091582528         498.63837757300         0.0000000000000         0.0000000000000     
   0.60900000000000E-02    0.60900000000000E-02    -152.53479621251       -0.92504917496420       -0.92746642387161         483.18944513073         483.44978148157         483.45409870775         0.0000000000000         0.0000000000000     
   0.61250000000000E-02    0.61250000000000E-02    -154.79282131155        -1.1013762366596        -1.1037169936076         474.45460261489         468.15138958737         468.04631404022         0.0000000000000         0.0000000000000     
   0.61600000000000E-02    0.61600000000000E-02    -157.02389739901        -1.6664782721911        -1.6687416403681         465.74269599114         452.67363541542         452.45579551370         0.0000000000000         0.0000000000000     
   0.61950000000000E-02    0.61950000000000E-02    -159.22763605055        -2.6270371437153        -2.6292224215575         456.91727751215         437.05556844706         436.72451756505         0.0000000000000         0.0000000000000     
   0.62300000000000E-02    0.62300000000000E-02    -161.40365360125        -3.9795441912099        -3.9816508734577         447.84371599236         421.33644956367         420.89463927568         0.0000000000000         0.0000000000000     
   0.62650000000000E-02    0.62650000000000E-02    -163.55157121234        -5.7105222257178        -5.7125499997981         438.39266252749         405.55481605300         405.00749603555         0.0000000000000         0.0000000000000     
   0.63000000000000E-02    0.63000000000000E-02    -165.67101493716        -7.7969980446272        -7.7989467825177         428.44333560691         389.74757810233         389.10262622326         0.0000000000000         0.0000000000000     
   0.63350000000000E-02    0.63350000000000E-02    -167.76161578629        -10.207210073667        -10.209079819514         417.88654450061         373.94916930801         373.21685717049         0.0000000000000         0.0000000000000     
   0.63700000000000E-02    0.63700000000000E-02    -169.82300979179        -12.901529968530        -12.903320922391         406.62737755281         358.19077207517         357.38347284419         0.0000000000000         0.0000000000000     
   0.64050000000000E-02    0.64050000000000E-02    -171.85483807052        -15.833571853399        -15.835284351582         394.58749152543         342.49963657342         341.63148329875         0.0000000000000         0.0000000000000     
   0.64400000000000E-02    0.64400000000000E-02    -173.85674688669        -18.951458457034        -18.953092949581         381.70694914189         326.89850930508         325.98501309195         0.0000000000000         0.0000000000000     
   0.64750000000000E-02    0.64750000000000E-02    -175.82838771337        -22.199209831698        -22.200766857620         367.94556418403         311.40518431628         310.46282260103         0.0000000000000         0.0000000000000     
   0.65100000000000E-02    0.65100000000000E-02    -177.76941729323        -25.518217685759        -25.519697846694         353.28372656670         296.03218680865         295.07797260729         0.0000000000000         0.0000000000000     
   0.65450000000000E-02    0.65450000000000E-02    -179.67949769828        -28.848766682312        -28.850170615289         337.72269341105         280.78659538824         279.83763873442         0.0000000000000         0.0000000000000     
   0.65800000000000E-02    0.65800000000000E-02    -181.55829638867        -32.131563383141        -32.132891733169         321.28434590605         265.67000560100         264.74307842577         0.0000000000000         0.0000000000000     
   0.66150000000000E-02    0.66150000000000E-02    -183.40548627064        -35.309233853404        -35.310487246573         304.01042533622         250.67863375255         249.78974923048         0.0000000000000         0.0000000000000     
   0.66500000000000E-02    0.66500000000000E-02    -185.22074575343        -38.327752265278        -38.328931283060         285.96127471806         235.80355647869         234.96757333683         0.0000000000000         0.0000000000000     
   0.66850000000000E-02    0.66850000000000E-02    -187.00375880526        -41.137765101675        -41.138870257066         267.21412470360         221.03107811923         220.26133964030         0.0000000000000         0.0000000000000     
   0.67200000000000E-02    0.67200000000000E-02    -188.75421500838        -43.695778693653        -43.696810409727         247.86097347782         206.34321482737         205.65123125375         0.0000000000000         0.0000000000000     
   0.67550000000000E-02    0.67550000000000E-02    -190.47180961312        -45.965181735939        -45.966140327346         228.00612003064         191.71828150479         191.11346333996         0.0000000000000         0.0000000000000     
   0.67900000000000E-02    0.67900000000000E-02    -192.15624359088        -47.917079004209        -47.917964662035         207.76341819799         177.13156524799         176.62101354524         0.0000000000000         0.0000000000000     
   0.68250000000000E-02    0.68250000000000E-02    -193.80722368627        -49.530917619759        -49.531730400094         187.25332505863         162.55606698861         162.14442519676         0.0000000000000         0.0000000000000     
   0.68600000000000E-02    0.68600000000000E-02    -195.42446246812        -50.794892734593        -50.795632551051         166.59982150970         147.96329154605         147.65266184371         0.0000000000000         0.0000000000000     
   0.68950000000000E-02    0.68950000000000E-02    -197.00767837952        -51.706125296522        -51.706791916848         145.92728504546         133.32406532375         133.11399070500         0.0000000000000         0.0000000000000     
   0.69300000000000E-02    0.69300000000000E-02    -198.55659578688        -52.270610449112        -52.271203495914         125.35739489872         118.60936048011         118.49687215453         0.0000000000000         0.0000000000000     
   0.69650000000000E-02    0.69650000000000E-02    -200.07094502786        -52.502940973745        -52.503459929267         105.00614780069         103.79110450344         103.77083252923         0.0000000000000         0.0000000000000     
   0.70000000000000E-02    0.70000000000000E-02    -201.55046245835        -52.425815842438        -52.426260057212         84.981058745778         88.842954798301         88.907298276113         0.0000000000000         0.0000000000000     
   0.70350000000000E-02    0.70350000000000E-02    -202.99489049837        -52.069349279086        -52.069717984181         65.378615439414         73.741019032756         73.880370734001         0.0000000000000         0.0000000000000     
   0.70700000000000E-02    0.70700000000000E-02    -204.40397767690        -51.470200592250        -51.470492914769         46.282047729370         58.464503657853         58.667522634799         0.0000000000000         0.0000000000000     
   0.71050000000000E-02    0.71050000000000E-02    -205.77747867568        -50.670549327211        -50.670764308587         27.759464483421         42.996275051723         43.250199654799         0.0000000000000         0.0000000000000     
   0.71400000000000E-02    0.71400000000000E-02    -207.11515437189        -49.716943887479        -49.717080504080         9.8624003241387         27.323320195202         27.614312986259         0.0000000000000         0.0000000000000     
   0.71750000000000E-02    0.71750000000000E-02    -208.41677187982        -48.659054613963        -48.659111799445        -7.3751963636329         11.437096494780         11.750611860018         0.0000000000000         0.0000000000000     
   0.72100000000000E-02    0.72100000000000E-02    -209.68210459137        -47.548364321679        -47.548340990496        -23.937514382841        -4.6662366495418        -4.3450718477607         0.0000000000000         0.0000000000000     
   0.72450000000000E-02    0.72450000000000E-02    -210.91093221554        -46.436830439176        -46.436725510632        -39.826961853471        -20.985708849364        -20.671711432571         0.0000000000000         0.0000000000000     
   0.72800000000000E-02    0.72800000000000E-02    -212.10304081677        -45.375553157384        -45.375365579617        -55.063783770058        -37.515553425874        -37.223106681642         0.0000000000000         0.0000000000000     
   0.73150000000000E-02    0.73150000000000E-02    -213.25822285217        -44.413483377614        -44.413212150895        -69.685230993715        -54.245343782519        -53.988036366883         0.0000000000000         0.0000000000000     
   0.73500000000000E-02    0.73500000000000E-02    -214.37627720768        -43.596202780434        -43.595846979202        -83.744307876369        -71.160246344544        -70.950536276077         0.0000000000000         0.0000000000000     
   0.73850000000000E-02    0.73850000000000E-02    -215.45700923305        -42.964806067022        -42.964364860112        -97.308136063773        -88.241382084678        -88.090294031195         0.0000000000000         0.0000000000000     
   0.74200000000000E-02    0.74200000000000E-02    -216.50023077576        -42.554912420872        -42.554385089442        -110.45598127820        -105.46628597794        -105.38314909077         0.0000000000000         0.0000000000000     
   0.74550000000000E-02    0.74550000000000E-02    -217.50576021377        -42.395829586602        -42.395215539345        -123.27699782112        -122.80945140449        -122.80168381494         0.0000000000000         0.0000000000000     
   0.74900000000000E-02    0.74900000000000E-02    -218.47342248711        -42.509889765842        -42.509188551119        -135.86775197622        -140.24294451155        -140.31588934638         0.0000000000000         0.0000000000000     
   0.75250000000000E-02    0.75250000000000E-02    -219.40304912840        -42.911971901678        -42.911183216318        -148.32959029069        -157.73707199148        -157.89388837713         0.0000000000000         0.0000000000000     
   0.75600000000000E-02    0.75600000000000E-02    -220.29447829216        -43.609219986544        -43.608343681121        -160.76592176723        -175.26108457472        -175.50269566614         0.0000000000000         0.0000000000000     
   0.75950000000000E-02    0.75950000000000E-02    -221.14755478297        -44.600961913417        -44.599997993927        -173.27948425765        -192.78389789000        -193.10899647107         0.0000000000000         0.0000000000000     
   0.76300000000000E-02    0.76300000000000E-02    -221.96213008254        -45.878828229224        -45.877776855163        -185.96966480197        -210.27481212708        -210.67992286932         0.0000000000000         0.0000000000000     
   0.76650000000000E-02    0.76650000000000E-02    -222.73806237550        -47.427065074326        -47.425926553265        -198.92994134466        -227.70421224098        -228.18380826737         0.0000000000000         0.0000000000000     
   0.77000000000000E-02    0.77000000000000E-02    -223.47521657414        -49.223030730733        -49.221805509577        -212.24550926284        -245.04423115519        -245.59090121818         0.0000000000000         0.0000000000000     
   0.77350000000000E-02    0.77350000000000E-02    -224.17346434190        -51.237860675087        -51.236549328289        -225.99115058579        -262.26935962158        -262.87402095536         0.0000000000000         0.0000000000000     
   0.77700000000000E-02    0.77700000000000E-02    -224.83268411575        -53.437281950984        -53.435885166044        -240.22939683239        -279.35698794912        -280.00913877298         0.0000000000000         0.0000000000000     
   0.78050000000000E-02    0.78050000000000E-02    -225.45276112729        -55.782554136692        -55.781072697359        -255.00902823911        -296.28786676839        -296.97587147922         0.0000000000000         0.0000000000000     
   0.78400000000000E-02    0.78400000000000E-02    -226.03358742280        -58.231511271482        -58.229946039101        -270.36394301948        -313.04647620805        -313.75787557425         0.0000000000000         0.0000000000000     
   0.78750000000000E-02    0.78750000000000E-02    -226.57506188199        -60.739676882135        -60.738028775658        -286.31242043186        -329.62129535485        -330.34313348045         0.0000000000000         0.0000000000000     
   0.79100000000000E-02    0.79100000000000E-02    -227.07709023562        -63.261422768056        -63.259692743223        -302.85679109679        -346.00496649141        -346.72412601490         0.0000000000000         0.0000000000000     
   0.79450000000000E-02    0.79450000000000E-02    -227.53958508191        -65.751141486389        -65.749330514632        -319.98351746698        -362.19435137893        -362.89788826591         0.0000000000000         0.0000000000000     
   0.79800000000000E-02    0.79800000000000E-02    -227.96246590176        -68.164402535660        -68.162511583262        -337.66367688355        -378.19047961151        -378.86594903840         0.0000000000000         0.0000000000000     
   0.80150000000000E-02    0.80150000000000E-02    -228.34565907276        -70.459063055748        -70.457093063788        -355.85382951579        -393.99839183563        -394.63415699165         1,000.000000000         0.0000000000000     
   0.80500000000000E-02    0.80500000000000E-02    -228.68909788203        -72.596305412343        -72.594257277927        -374.49724393291        -409.62688324191        -410.21239943252         1,000.000000000         0.0000000000000     
   0.80850000000000E-02    0.80850000000000E-02    -228.99272253778        -74.541576266228        -74.539450825452        -393.52544432871        -425.08815522184        -425.61422237631         1,000.000000000         0.0000000000000     
   0.81200000000000E-02    0.81200000000000E-02    -229.25648017979        -76.265404575639        -76.263202588713        -412.86003572572        -440.39738528855        -440.85636288231         1,000.000000000         0.0000000000000     
   0.81550000000000E-02    0.81550000000000E-02    -229.48032488857        -77.744079363075        -77.741801501939        -432.41475700519        -455.57222732572        -455.95820675335         1,000.000000000         0.0000000000000     
   0.81900000000000E-02    0.81900000000000E-02    -229.66421769336        -78.960171902780        -78.957818741500        -452.09770649219        -470.63225581512        -470.94118641018         1,000.000000000         0.0000000000000     
   0.82250000000000E-02    0.82250000000000E-02    -229.80812657892        -79.902891148630        -79.900463156785        -471.81368118223        -485.59836895614        -485.82813507300         1,000.000000000         0.0000000000000     
   0.82600000000000E-02    0.82600000000000E-02    -229.91202649109        -80.568265613829        -80.565763152997        -491.46656860084        -500.49216641271        -500.64261427597         1,000.000000000         0.0000000000000     
   0.82950000000000E-02    0.82950000000000E-02    -229.97589934119        -80.959149418823        -80.956572742233        -510.96172977175        -515.33531787796        -515.40823218899         1,000.000000000         0.0000000000000     
   0.83300000000000E-02    0.83300000000000E-02    -229.99973400913        -81.085054726233        -81.082403981540        -530.20831282568        -530.14893863996        -530.14797021889         1,000.000000000         0.0000000000000     
   0.83650000000000E-02    0.83650000000000E-02    -229.98352634536        -80.961817166755        -80.959092401815        -549.12143936114        -544.95298795768        -544.88353491619         1,000.000000000         0.0000000000000     
   0.84000000000000E-02    0.84000000000000E-02    -229.92727917157        -80.611105018055        -80.608306189529        -567.62420968546        -559.76570524049        -559.63475133986         1,000.000000000         0.0000000000000     
   0.84350000000000E-02    0.84350000000000E-02    -229.83100228027        -80.059786727007        -80.056913711518        -585.64947839742        -574.60309788341        -574.41901276059         1,000.000000000         0.0000000000000     
   0.84700000000000E-02    0.84700000000000E-02    -229.69471243298        -79.339174771192        -79.336227378726        -603.14135826740        -589.47849308707        -589.25079994943         1,000.000000000         0.0000000000000     
   0.85050000000000E-02    0.85050000000000E-02    -229.51843335742        -78.484166757601        -78.481144746780        -620.05641784835        -604.40216422045        -604.14128135032         1,000.000000000         0.0000000000000     
   0.85400000000000E-02    0.85400000000000E-02    -229.30219574328        -77.532306987910        -77.529210082709        -636.36454650541        -619.38104022366        -619.09800322539         1,000.000000000         0.0000000000000     
   0.85750000000000E-02    0.85750000000000E-02    -229.04603723695        -76.522793428872        -76.519621336350        -652.04946936488        -634.41850434422        -634.12467645161         1,000.000000000         0.0000000000000     
   0.86100000000000E-02    0.86100000000000E-02    -228.75000243493        -75.495456078351        -75.492208506920        -667.10890382207        -649.51428612074        -649.22106409876         1,000.000000000         0.0000000000000     
   0.86450000000000E-02    0.86450000000000E-02    -228.41414287609        -74.489733094311        -74.486409772071        -681.55435847579        -664.66444812642        -664.38297130037         1,000.000000000         0.0000000000000     
   0.86800000000000E-02    0.86800000000000E-02    -228.03851703266        -73.543670755230        -73.540271447897        -695.41058443878        -679.86146653204        -679.60233630719         1,000.000000000         0.0000000000000     
   0.87150000000000E-02    0.87150000000000E-02    -227.62319030009        -72.692972362684        -72.689496890673        -708.71469767949        -695.09440219695        -694.86741905463         1,000.000000000         0.0000000000000     
   0.87500000000000E-02    0.87500000000000E-02    -227.16823498563        -71.970119613440        -71.966567867656        -721.51499916481        -710.34915671662        -710.16308114508         1,000.000000000         0.0000000000000     
   0.87850000000000E-02    0.87850000000000E-02    -226.67373029578        -71.403587808013        -71.399959763984        -733.86952689731        -725.60880579228        -725.47114890357         1,000.000000000         0.0000000000000     
   0.88200000000000E-02    0.88200000000000E-02    -226.13976232247        -71.017173588065        -71.013469318063        -745.84438029870        -740.85400040195        -740.77084916497         1,000.000000000         0.0000000000000     
   0.88550000000000E-02    0.88550000000000E-02    -225.56642402808        -70.829450781122        -70.825670463998        -757.51186263489        -756.06342467922        -756.03930574080         1,000.000000000         0.0000000000000     
   0.88900000000000E-02    0.88900000000000E-02    -224.95381522925        -70.853366463057        -70.849510391567        -768.94849118866        -771.21429809075        -771.25208313313         1,000.000000000         0.0000000000000     
   0.89250000000000E-02    0.89250000000000E-02    -224.30204257952        -71.095985619536        -71.092054204993        -780.23292757884        -786.28290856690        -786.38376304251         1,000.000000000         0.0000000000000     
   0.89600000000000E-02    0.89600000000000E-02    -223.61121955074        -71.558388895554        -71.554382669740        -791.44388194856        -801.24516261020        -801.40853857803         1,000.000000000         0.0000000000000     
   0.89950000000000E-02    0.89950000000000E-02    -222.88146641334        -72.235723968462        -72.231643582771        -802.65804468471        -816.07713818536        -816.30081083062         1,000.000000000         0.0000000000000     
   0.90300000000000E-02    0.90300000000000E-02    -222.11291021537        -73.117407165901        -73.113253387769        -813.94809790687        -830.75562629312        -831.03577261782         1,000.000000000         0.0000000000000     
   0.90650000000000E-02    0.90650000000000E-02    -221.30568476037        -74.187468174729        -74.183241881491        -825.38085623029        -845.25864763006        -845.58996473897         1,000.000000000         0.0000000000000     
   0.91000000000000E-02    0.91000000000000E-02    -220.45993058412        -75.425027144671        -75.420729315013        -837.01558235209        -859.56593153153        -859.94179097687         1,000.000000000         0.0000000000000     
   0.91350000000000E-02    0.91350000000000E-02    -219.57579493013        -76.804890267743        -76.800521971015        -848.90251794950        -873.65934554858        -874.07197931642         1,000.000000000         0.0000000000000     
   0.91700000000000E-02    0.91700000000000E-02    -218.65343172404        -78.298247089369        -78.293809473042        -861.08166435703        -887.52326540024        -887.96397838762         1,000.000000000         0.0000000000000     
   0.92050000000000E-02    0.92050000000000E-02    -217.69300154677        -79.873450445858        -79.868944721474        -873.58184067207        -901.14487671931        -901.60427993565         1,000.000000000         0.0000000000000     
   0.92400000000000E-02    0.92400000000000E-02    -216.69467160663        -81.496858079359        -81.492285507350        -886.42003951051        -914.51440183752        -914.98266012605         1,000.000000000         0.0000000000000     
   0.92750000000000E-02    0.92750000000000E-02    -215.65861571016        -83.133713695552        -83.129075569318        -899.60109279129        -927.62524687605        -928.09233465392         1,000.000000000         0.0000000000000     
   0.93100000000000E-02    0.93100000000000E-02    -214.58501423189        -84.749044526177        -84.744342155845        -913.11765187734        -940.47406647495        -940.93002488601         1,000.000000000         0.0000000000000     
   0.93450000000000E-02    0.93450000000000E-02    -213.47405408293        -86.308552348221        -86.303787044493        -926.95047834793        -953.06074564829        -953.49593456411         1,000.000000000         0.0000000000000     
   0.93800000000000E-02    0.93800000000000E-02    -212.32592867844        -87.779475388923        -87.774648447421        -941.06903382748        -965.38830034331        -965.79363887931         1,000.000000000         0.0000000000000     
   0.94150000000000E-02    0.94150000000000E-02    -211.14083790395        -89.131399590616        -89.126512277114        -955.43234984712        -977.46270035088        -977.82988993013         1,000.000000000         0.0000000000000     
   0.94500000000000E-02    0.94500000000000E-02    -209.91898808055        -90.336999287646        -90.332052824545        -969.99015185006        -989.29262011692        -989.61434465025         1,000.000000000         0.0000000000000     
   0.94850000000000E-02    0.94850000000000E-02    -208.66059192901        -91.372689411801        -91.367684966177        -984.68420533804        -1,000.889124785        -1,001.159223180         1,000.000000000         0.0000000000000     
   0.95200000000000E-02    0.95200000000000E-02    -207.36586853268        -92.219173833852        -92.214112507351        -999.44984693849        -1,012.265300332        -1,012.478907321         1,000.000000000         0.0000000000000     
   0.95550000000000E-02    0.95550000000000E-02    -206.03504329940        -92.861877297781        -92.856760118591        -1,014.217658971        -1,023.435837964        -1,023.589490097         1,000.000000000         0.0000000000000     
   0.95900000000000E-02    0.95900000000000E-02    -204.66834792226        -93.291251533801        -93.286079450881        -1,028.915243003        -1,034.416583976        -1,034.508288549         1,000.000000000         0.0000000000000     
   0.96250000000000E-02    0.96250000000000E-02    -203.26602033922        -93.502949463035        -93.497723342700        -1,043.469045964        -1,045.224066998        -1,045.253332669         1,000.000000000         0.0000000000000     
   0.96600000000000E-02    0.96600000000000E-02    -201.82830469171        -93.497864843317        -93.492585468243        -1,057.806191676        -1,055.875014948        -1,055.842843779         1,000.000000000         0.0000000000000     
   0.96950000000000E-02    0.96950000000000E-02    -200.35545128216        -93.282038163310        -93.276706233940        -1,071.856271174        -1,066.385874156        -1,066.294715794         1,000.000000000         0.0000000000000     
   0.97300000000000E-02    0.97300000000000E-02    -198.84771653034        -92.866432982621        -92.861049120907        -1,085.553046829        -1,076.772342830        -1,076.626012518         1,000.000000000         0.0000000000000     
   0.97650000000000E-02    0.97650000000000E-02    -197.30536292881        -92.266590153635        -92.261154908983        -1,098.836028128        -1,087.048930577        -1,086.852493558         1,000.000000000         0.0000000000000     
   0.98000000000000E-02    0.98000000000000E-02    -195.72865899716        -91.502170366034        -91.496684223260        -1,111.651880773        -1,097.228554816        -1,096.988180527         1,000.000000000         0.0000000000000     
   0.98350000000000E-02    0.98350000000000E-02    -194.11787923528        -90.596398154127        -90.590861543207        -1,123.955635515        -1,107.322183872        -1,107.044974040         1,000.000000000         0.0000000000000     
   0.98700000000000E-02    0.98700000000000E-02    -192.47330407556        -89.575422835754        -89.569836143078        -1,135.711668698        -1,117.338535195        -1,117.032330560         1,000.000000000         0.0000000000000     
   0.99050000000000E-02    0.99050000000000E-02    -190.79521983410        -88.467613755306        -88.461977336128        -1,146.894432670        -1,127.283835651        -1,126.957006525         1,000.000000000         0.0000000000000     
   0.99400000000000E-02    0.99400000000000E-02    -189.08391866082        -87.302808639724        -87.297122831478        -1,157.488920856        -1,137.161649146        -1,136.822875348         1,000.000000000         0.0000000000000     
   0.99750000000000E-02    0.99750000000000E-02    -187.33969848863        -86.111534814994        -86.105799951119        -1,167.490859267        -1,146.972775080        -1,146.630820978         1,000.000000000         0.0000000000000     
   0.10010000000000E-01    0.10010000000000E-01    -185.56286298155        -84.924223454385        -84.918439878288        -1,176.906623265        -1,156.715219242        -1,156.378709709         1,000.000000000         0.0000000000000     
   0.10045000000000E-01    0.10045000000000E-01    -183.75372148183        -83.770436934754        -83.764605013569        -1,185.752885420        -1,166.384236940        -1,166.061439890         1,000.000000000         0.0000000000000     
   0.10080000000000E-01    0.10080000000000E-01    -181.91258895611        -82.678128773086        -82.672248910854        -1,194.056007048        -1,175.972446293        -1,175.671067250         1,000.000000000         0.0000000000000     
   0.10115000000000E-01    0.10115000000000E-01    -180.03978594060        -81.672954524121        -81.667027174082        -1,201.851192368        -1,185.470007863        -1,185.197001620         1,000.000000000         0.0000000000000     
   0.10150000000000E-01    0.10150000000000E-01    -178.13563848522        -80.777650476033        -80.771676151707        -1,209.181430004        -1,194.864865171        -1,194.626269101         1,000.000000000         0.0000000000000     
   0.10185000000000E-01    0.10185000000000E-01    -176.20047809691        -80.011495029747        -80.005474314551        -1,216.096251621        -1,204.143039181        -1,203.943832139         1,000.000000000         0.0000000000000     
   0.10220000000000E-01    0.10220000000000E-01    -174.23464168185        -79.389865344008        -79.383798899166        -1,222.650341742        -1,213.288968513        -1,213.132958591         1,000.000000000         0.0000000000000     
   0.10255000000000E-01    0.10255000000000E-01    -172.23847148684        -78.923899235818        -78.917787806387        -1,228.902036109        -1,222.285886158        -1,222.175629732         1,000.000000000         0.0000000000000     
   0.10290000000000E-01    0.10290000000000E-01    -170.21231503973        -78.620269514388        -78.614113933275        -1,234.911748300        -1,231.116222602        -1,231.052976330         1,000.000000000         0.0000000000000     
   0.10325000000000E-01    0.10325000000000E-01    -168.15652508886        -78.481074970622        -78.474876160498        -1,240.740365570        -1,239.762024773        -1,239.745731306         1,000.000000000         0.0000000000000     
   0.10360000000000E-01    0.10360000000000E-01    -166.07145954171        -78.503849220525        -78.497608193625        -1,246.447655150        -1,248.205379941        -1,248.234687265         1,000.000000000         0.0000000000000     
   0.10395000000000E-01    0.10395000000000E-01    -163.95748140256        -78.681685587631        -78.675403443462        -1,252.090721392        -1,256.428833740        -1,256.501147197         1,000.000000000         0.0000000000000     
   0.10430000000000E-01    0.10430000000000E-01    -161.81495870927        -79.003473283058        -78.997151204099        -1,257.722552311        -1,264.415791757        -1,264.527356983         1,000.000000000         0.0000000000000     
   0.10465000000000E-01    0.10465000000000E-01    -159.64426446926        -79.454237375363        -79.447876620889        -1,263.390691298        -1,272.150894714        -1,272.296908970         1,000.000000000         0.0000000000000     
   0.10500000000000E-01    0.10500000000000E-01    -157.44577659452        -80.015572504168        -80.009174402377        -1,269.136066100        -1,279.620358051        -1,279.795106726         1,000.000000000         0.0000000000000     
   0.10535000000000E-01    0.10535000000000E-01    -155.21987783585        -80.666158043079        -80.659723981740        -1,274.992002715        -1,286.812267773        -1,287.009282262         1,000.000000000         0.0000000000000     
   0.10570000000000E-01    0.10570000000000E-01    -152.96695571620        -81.382340511944        -81.375871927816        -1,280.983446816        -1,293.716825625        -1,293.929058261         1,000.000000000         0.0000000000000     
   0.10605000000000E-01    0.10605000000000E-01    -150.68740246322        -82.138767519837        -82.132265887147        -1,287.126409689        -1,300.326538058        -1,300.546549427         1,000.000000000         0.0000000000000     
   0.10640000000000E-01    0.10640000000000E-01    -148.38161494096        -82.909056421734        -82.902523240009        -1,293.427649766        -1,306.636344925        -1,306.856498643         1,000.000000000         0.0000000000000     
   0.10675000000000E-01    0.10675000000000E-01    -146.04999458081        -83.666480215912        -83.659916997485        -1,299.884594669        -1,312.643685482        -1,312.856345361         1,000.000000000         0.0000000000000     
   0.10710000000000E-01    0.10710000000000E-01    -143.69294731155        -84.384653006367        -84.378061263862        -1,306.485502514        -1,318.348500836        -1,318.546225409         1,000.000000000         0.0000000000000     
   0.10745000000000E-01    0.10745000000000E-01    -141.31088348875        -85.038197604035        -85.031578838166        -1,313.209855153        -1,323.753173666        -1,323.928903149         1,000.000000000         0.0000000000000     
   0.10780000000000E-01    0.10780000000000E-01    -138.90421782328        -85.603378529943        -85.596734217905        -1,320.028970215        -1,328.862407580        -1,329.009638627         1,000.000000000         0.0000000000000     
   0.10815000000000E-01    0.10815000000000E-01    -136.47336930911        -86.058684789005        -86.052016373755        -1,326.906813462        -1,333.683050013        -1,333.795993972         1,000.000000000         0.0000000000000     
   0.10850000000000E-01    0.10850000000000E-01    -134.01876115040        -86.385348271462        -86.378657152142        -1,333.800988065        -1,338.223863917        -1,338.297584805         1,000.000000000         0.0000000000000     
   0.10885000000000E-01    0.10885000000000E-01    -131.54082068779        -86.567785466749        -86.561072990476        -1,340.663873303        -1,342.495254767        -1,342.525783705         1,000.000000000         0.0000000000000     
   0.10920000000000E-01    0.10920000000000E-01    -129.03997932403        -86.593952290984        -86.587219746182        -1,347.443881676        -1,346.508960410        -1,346.493383943         1,000.000000000         0.0000000000000     
   0.10955000000000E-01    0.10955000000000E-01    -126.51667244881        -86.455604176373        -86.448852787812        -1,354.086800897        -1,350.277712164        -1,350.214232566         1,000.000000000         0.0000000000000     
   0.10990000000000E-01    0.10990000000000E-01    -123.97133936306        -86.148456086075        -86.141687011694        -1,360.537185481        -1,353.814876178        -1,353.702842582         1,000.000000000         0.0000000000000     
   0.11025000000000E-01    0.11025000000000E-01    -121.40442320237        -85.672239734987        -85.665454064565        -1,366.739761880        -1,357.134084427        -1,356.973994393         1,000.000000000         0.0000000000000     
   0.11060000000000E-01    0.11060000000000E-01    -118.81637085991        -85.030657947730        -85.023856703405        -1,372.640811250        -1,360.248864893        -1,360.042336763         1,000.000000000         0.0000000000000     
   0.11095000000000E-01    0.11095000000000E-01    -116.20763290859        -84.231238701936        -84.224422840535        -1,378.189494990        -1,363.172280335        -1,362.921997468         1,000.000000000         0.0000000000000     
   0.11130000000000E-01    0.11130000000000E-01    -113.57866352264        -83.285093921629        -83.278264338705        -1,383.339090127        -1,365.916584721        -1,365.626213427         1,000.000000000         0.0000000000000     
   0.11165000000000E-01    0.11165000000000E-01    -110.92992039851        -82.206590439415        -82.199747974886        -1,388.048104330        -1,368.492905836        -1,368.166989425         1,000.000000000         0.0000000000000     
   0.11200000000000E-01    0.11200000000000E-01    -108.26186467522        -81.012942679771        -81.006088124962        -1,392.281243851        -1,370.910961778        -1,370.554793755         1,000.000000000         0.0000000000000     
   0.11235000000000E-01    0.11235000000000E-01    -105.57496085406        -79.723738477493        -79.716872583402        -1,396.010211739        -1,373.178818102        -1,372.798298010         1,000.000000000         0.0000000000000     
   0.11270000000000E-01    0.11270000000000E-01    -102.86967671772        -78.360410991835        -78.353534478379        -1,399.214318336        -1,375.302691230        -1,374.904167045         1,000.000000000         0.0000000000000     
   0.11305000000000E-01    0.11305000000000E-01    -100.14648324884        -76.945670872831        -76.938784438819        -1,401.880891065        -1,377.286802530        -1,376.876903790         1,000.000000000         0.0000000000000     
   0.11340000000000E-01    0.11340000000000E-01    -97.405854548056        -75.502913656122        -75.496017989692        -1,404.005475780        -1,379.133286060        -1,378.718752105         1,000.000000000         0.0000000000000     
   0.11375000000000E-01    0.11375000000000E-01    -94.648267751399        -74.055617790527        -74.048713579768        -1,405.591827401        -1,380.842151639        -1,380.429659386         1,000.000000000         0.0000000000000     
   0.11410000000000E-01    0.11410000000000E-01    -91.874202947279        -72.626748732991        -72.619836676474        -1,406.651692894        -1,382.411303401        -1,382.007299051         1,000.000000000         0.0000000000000     
   0.11445000000000E-01    0.11445000000000E-01    -89.084143092876        -71.238184183011        -71.231264999948        -1,407.204394919        -1,383.836612646        -1,383.447151539         1,000.000000000         0.0000000000000     
   0.11480000000000E-01    0.11480000000000E-01    -86.278573930066        -69.910174787703        -69.903249227491        -1,407.276229445        -1,385.112042378        -1,384.742640973         1,000.000000000         0.0000000000000     
   0.11515000000000E-01    0.11515000000000E-01    -83.457983900853        -68.660853553289        -68.653922404191        -1,406.899695141        -1,386.229819696        -1,385.885323253         1,000.000000000         0.0000000000000     
   0.11550000000000E-01    0.11550000000000E-01    -80.622864062334        -67.505805781569        -67.498869878314        -1,406.112576414        -1,387.180650973        -1,386.865120118         1,000.000000000         0.0000000000000     
   0.11585000000000E-01    0.11585000000000E-01    -77.773708001206        -66.457709651281        -66.450769881412        -1,404.956905406        -1,387.953973812        -1,387.670592592         1,000.000000000         0.0000000000000     
   0.11620000000000E-01    0.11620000000000E-01    -74.911011747833        -65.526055631188        -65.519112939993        -1,403.477830957        -1,388.538238846        -1,388.289246340         1,000.000000000         0.0000000000000     
   0.11655000000000E-01    0.11655000000000E-01    -72.035273689894        -64.716950796495        -64.710006190426        -1,401.722424569        -1,388.921213838        -1,388.707860724         1,000.000000000         0.0000000000000     
   0.11690000000000E-01    0.11690000000000E-01    -69.146994485606        -64.033011879143        -64.026066427633        -1,399.738454584        -1,389.090302020        -1,388.912832895         1,000.000000000         0.0000000000000     
   0.11725000000000E-01    0.11725000000000E-01    -66.246676976569        -63.473348574235        -63.466403409903        -1,397.573160177        -1,389.032866419        -1,388.890527942         1,000.000000000         0.0000000000000     
   0.11760000000000E-01    0.11760000000000E-01    -63.334826100217        -63.033636309065        -63.026692626306        -1,395.272056338        -1,388.736551802        -1,388.627626128         1,000.000000000         0.0000000000000     
   0.11795000000000E-01    0.11795000000000E-01    -60.411948801914        -62.706275416748        -62.699334468767        -1,392.877799838        -1,388.189596118        -1,388.111458424         1,000.000000000         0.0000000000000     
   0.11830000000000E-01    0.11830000000000E-01    -57.478553946694        -62.480631500420        -62.473694594802        -1,390.429144165        -1,387.381123636        -1,387.330321949         1,000.000000000         0.0000000000000     
   0.11865000000000E-01    0.11865000000000E-01    -54.535152230667        -62.343349779507        -62.336418272444        -1,387.960008828        -1,386.301412590        -1,386.273767580         1,000.000000000         0.0000000000000     
   0.11900000000000E-01    0.11900000000000E-01    -51.582256092114        -62.278734425420        -62.271809714766        -1,385.498685153        -1,384.942130842        -1,384.932852793         1,000.000000000         0.0000000000000     
   0.11935000000000E-01    0.11935000000000E-01    -48.620379622266        -62.269182362581        -62.262265879911        -1,383.067196914        -1,383.296534031        -1,383.300353758         1,000.000000000         0.0000000000000     
   0.11970000000000E-01    0.11970000000000E-01    -45.650038475807        -62.295659767559        -62.288752969451        -1,380.680829977        -1,381.359621646        -1,381.370931864         1,000.000000000         0.0000000000000     
   0.12005000000000E-01    0.12005000000000E-01    -42.671749781099        -62.338208571997        -62.331312930759        -1,378.347840642        -1,379.128247648        -1,379.141251032         1,000.000000000         0.0000000000000     
   0.12040000000000E-01    0.12040000000000E-01    -39.686032050148        -62.376469683221        -62.369586677304        -1,376.069347676        -1,376.601183409        -1,376.610043517         1,000.000000000         0.0000000000000     
   0.12075000000000E-01    0.12075000000000E-01    -36.693405088339        -62.390209390504        -62.383340494844        -1,373.839408316        -1,373.779132042        -1,373.778123195         1,000.000000000         0.0000000000000     
   0.12110000000000E-01    0.12110000000000E-01    -33.694389903931        -62.359835526523        -62.352982203052        -1,371.645273819        -1,370.664694376        -1,370.648346729         1,000.000000000         0.0000000000000     
   0.12145000000000E-01    0.12145000000000E-01    -30.689508617359        -62.266890395205        -62.260054083765        -1,369.467815637        -1,367.262288134        -1,367.225524278         1,000.000000000         0.0000000000000     
   0.12180000000000E-01    0.12180000000000E-01    -27.679284370329        -62.094508243275        -62.087690353160        -1,367.282109072        -1,363.578022955        -1,363.516282724         1,000.000000000         0.0000000000000     
   0.12215000000000E-01    0.12215000000000E-01    -24.664241234742        -61.827826119356        -61.821028021681        -1,365.058157455        -1,359.619535066        -1,359.528885511         1,000.000000000         0.0000000000000     
   0.12250000000000E-01    0.12250000000000E-01    -21.644904121454        -61.454338300373        -61.447561321442        -1,362.761736518        -1,355.395786329        -1,355.273014273         1,000.000000000         0.0000000000000     
   0.12285000000000E-01    0.12285000000000E-01    -18.621798688891        -60.964186032608        -60.957431448442        -1,360.355335870        -1,350.916833271        -1,350.759518317         1,000.000000000         0.0000000000000     
   0.12320000000000E-01    0.12320000000000E-01    -15.595451251535        -60.350376091079        -60.343645123217        -1,357.799172323        -1,346.193572344        -1,346.000138759         1,000.000000000         0.0000000000000     
   0.12355000000000E-01    0.12355000000000E-01    -12.566388688289        -59.608923558772        -59.602217371431        -1,355.052248329        -1,341.237468248        -1,341.007214671         1,000.000000000         0.0000000000000     
   0.12390000000000E-01    0.12390000000000E-01    -9.5351383507563        -58.738916216412        -58.732235915050        -1,352.073427986        -1,336.060272421        -1,335.793378945         1,000.000000000         0.0000000000000     
   0.12425000000000E-01    0.12425000000000E-01    -6.5022279714216        -57.742499962175        -57.735846593480        -1,348.822503029        -1,330.673738999        -1,330.371251757         1,000.000000000         0.0000000000000     
   0.12460000000000E-01    0.12460000000000E-01    -3.4681855717804        -56.624786696850        -56.618161250123        -1,345.261221809        -1,325.089345496        -1,324.753139443         1,000.000000000         0.0000000000000     
   0.12495000000000E-01    0.12495000000000E-01   -0.43353937041005        -55.393688062327        -55.387091472201        -1,341.354255608        -1,319.318025250        -1,318.950746369         1,000.000000000         0.0000000000000     
   0.12530000000000E-01    0.12530000000000E-01     2.6011823089923        -54.059680261219        -54.053113411627        -1,337.070078539        -1,313.369918250        -1,312.974906958         1,000.000000000         0.0000000000000     
   0.12565000000000E-01    0.12565000000000E-01     5.6354511295889        -52.635506867532        -52.628970596799        -1,332.381739830        -1,307.254146468        -1,306.835344392         1,000.000000000         0.0000000000000     
   0.12600000000000E-01    0.12600000000000E-01     8.6687388333833        -51.135828022029        -51.129323128933        -1,327.267510293        -1,300.978619043        -1,300.540461779         1,000.000000000         0.0000000000000     
   0.12635000000000E-01    0.12635000000000E-01     11.700517333189        -49.576825656154        -49.570352906794        -1,321.711388237        -1,294.549871872        -1,294.097170641         1,000.000000000         0.0000000000000     
   0.12670000000000E-01    0.12670000000000E-01     14.730258804568        -47.975775376523        -47.969335511797        -1,315.703453842        -1,287.972945237        -1,287.510760593         1,000.000000000         0.0000000000000     
   0.12705000000000E-01    0.12705000000000E-01     17.757435777724        -46.350596346390        -46.344190089880        -1,309.240065032        -1,281.251302030        -1,280.784812942         1,000.000000000         0.0000000000000     
   0.12740000000000E-01    0.12740000000000E-01     20.781521229332        -44.719390907112        -44.713018973171        -1,302.323891994        -1,274.386788139        -1,273.921159833         1,000.000000000         0.0000000000000     
   0.12775000000000E-01    0.12775000000000E-01     23.801988674291        -43.099985785131        -43.093648886954        -1,294.963791638        -1,267.379635396        -1,266.919889346         1,000.000000000         0.0000000000000     
   0.12810000000000E-01    0.12810000000000E-01     26.818312257389        -41.509486529864        -41.503185387332        -1,287.174527345        -1,260.228506458        -1,259.779395791         1,000.000000000         0.0000000000000     
   0.12845000000000E-01    0.12845000000000E-01     29.829966844846        -39.963856334315        -39.957591681415        -1,278.976343215        -1,252.930579899        -1,252.496473312         1,000.000000000         0.0000000000000     
   0.12880000000000E-01    0.12880000000000E-01     32.836428115743        -38.477529619674        -38.471302211311        -1,270.394405594        -1,245.481672792        -1,245.066449828         1,000.000000000         0.0000000000000     
   0.12915000000000E-01    0.12915000000000E-01     35.837172653303        -37.063069741091        -37.056880359105        -1,261.458127876        -1,237.876397174        -1,237.483357350         1,000.000000000         0.0000000000000     
   0.12950000000000E-01    0.12950000000000E-01     38.831678036017        -35.730878923464        -35.724728381734        -1,252.200397310        -1,230.108345931        -1,229.740133859         1,000.000000000         0.0000000000000     
   0.12985000000000E-01    0.12985000000000E-01     41.819422928595        -34.488967098502        -34.482856246987        -1,242.656724802        -1,222.170302990        -1,221.828851162         1,000.000000000         0.0000000000000     
   0.13020000000000E-01    0.13020000000000E-01     44.799887172730        -33.342784726359        -33.336714453998        -1,232.864340354        -1,214.054472121        -1,213.740962593         1,000.000000000         0.0000000000000     
   0.13055000000000E-01    0.13055000000000E-01     47.772551877660        -32.295122989398        -32.289094225807        -1,222.861257888        -1,205.752718298        -1,205.467563976         1,000.000000000         0.0000000000000     
   0.13090000000000E-01    0.13090000000000E-01     50.736899510496        -31.346082986615        -31.340096702538        -1,212.685333625        -1,197.256815275        -1,196.999661024         1,000.000000000         0.0000000000000     
   0.13125000000000E-01    0.13125000000000E-01     53.692413986332        -30.493113780502        -30.487170987037        -1,202.373342059        -1,188.558693020        -1,188.328436296         1,000.000000000         0.0000000000000     
   0.13160000000000E-01    0.13160000000000E-01     56.638580758090        -29.731117399209        -29.725219145815        -1,191.960092777        -1,179.650678688        -1,179.445508908         1,000.000000000         0.0000000000000     
   0.13195000000000E-01    0.13195000000000E-01     59.574886906104        -29.052617219656        -29.046764591030        -1,181.477610031        -1,170.525725099        -1,170.343180491         1,000.000000000         0.0000000000000     
   0.13230000000000E-01    0.13230000000000E-01     62.500821227412        -28.447984593687        -28.442178705582        -1,170.954395064        -1,161.177621066        -1,161.014661317         1,000.000000000         0.0000000000000     
   0.13265000000000E-01    0.13265000000000E-01     65.415874324762        -27.905717167472        -27.899959161580        -1,160.414788831        -1,151.601178463        -1,151.454271112         1,000.000000000         0.0000000000000     
   0.13300000000000E-01    0.13300000000000E-01     68.319538695292        -27.412761118122        -27.407052156164        -1,149.878449972        -1,141.792391584        -1,141.657609764         1,000.000000000         0.0000000000000     
   0.13335000000000E-01    0.13335000000000E-01     71.211308818889        -26.954868519541        -26.949209776715        -1,139.359959726        -1,131.748565105        -1,131.621694011         1,000.000000000         0.0000000000000     
   0.13370000000000E-01    0.13370000000000E-01     74.090681246193        -26.516980274700        -26.511372932661        -1,128.868562134        -1,121.468407816        -1,121.345057056         1,000.000000000         0.0000000000000     
   0.13405000000000E-01    0.13405000000000E-01     76.957154686251        -26.083624530389        -26.078069769938        -1,118.408044300        -1,110.952090182        -1,110.827809089         1,000.000000000         0.0000000000000     
   0.13440000000000E-01    0.13440000000000E-01     79.810230093790        -25.639320232749        -25.633819226425        -1,107.976757856        -1,100.201264768        -1,100.071657692         1,000.000000000         0.0000000000000     
   0.13475000000000E-01    0.13475000000000E-01     82.649410756096        -25.168975490727        -25.163529395479        -1,097.567779166        -1,089.219049479        -1,089.079888131         1,000.000000000         0.0000000000000     
   0.13510000000000E-01    0.13510000000000E-01     85.474202379494        -24.658270685966        -24.652880636094        -1,087.169202333        -1,078.009974556        -1,077.857304586         1,000.000000000         0.0000000000000     
   0.13545000000000E-01    0.13545000000000E-01     88.284113175400        -24.094016791347        -24.088683891872        -1,076.764555742        -1,066.579895147        -1,066.410134319         1,000.000000000         0.0000000000000     
   0.13580000000000E-01    0.13580000000000E-01     91.078653945945        -23.464480119469        -23.459205440108        -1,066.333329876        -1,054.935872126        -1,054.745897713         1,000.000000000         0.0000000000000     
   0.13615000000000E-01    0.13615000000000E-01     93.857338169137        -22.759665694547        -22.754450264424        -1,055.851601475        -1,043.086024631        -1,042.873247944         1,000.000000000         0.0000000000000     
   0.13650000000000E-01    0.13650000000000E-01     96.619682083566        -21.971552598736        -21.966397401944        -1,045.292736856        -1,031.039358416        -1,030.801784762         1,000.000000000         0.0000000000000     
   0.13685000000000E-01    0.13685000000000E-01     99.365204772629        -21.094275954903        -21.089181927029        -1,034.628155431        -1,018.805574732        -1,018.541847447         1,000.000000000         0.0000000000000     
   0.13720000000000E-01    0.13720000000000E-01     102.09342824824        -20.124251636992        -20.119219662668        -1,023.828133184        -1,006.394864820        -1,006.104292495         1,000.000000000         0.0000000000000     
   0.13755000000000E-01    0.13755000000000E-01     104.80387753409        -19.060241308310        -19.055272219832        -1,012.862625128        -993.81769545332        -993.50026187612         1,000.000000000         0.0000000000000     
   0.13790000000000E-01    0.13790000000000E-01     107.49608074828        -17.903356937953        -17.898451514997        -1,001.702085563        -981.08459107409        -980.74094786823         1,000.000000000         0.0000000000000     
   0.13825000000000E-01    0.13825000000000E-01     110.16956918550        -16.657005496191        -16.652164466601        -990.31826529075        -968.20591812158        -967.83736050358         1,000.000000000         0.0000000000000     
   0.13860000000000E-01    0.13860000000000E-01     112.82387739865        -15.326776041439        -15.322000083054        -978.68496581476        -955.19167697688        -954.80010347789         1,000.000000000         0.0000000000000     
   0.13895000000000E-01    0.13895000000000E-01     115.45854327985        -13.920272846645        -13.915562590112        -966.77873192732        -942.05130672174        -941.63916410942         1,000.000000000         0.0000000000000     
   0.13930000000000E-01    0.13930000000000E-01     118.07310814089        -12.446899535980        -12.442255568443        -954.57946587431        -928.79350748004        -928.36372248626         1,000.000000000         0.0000000000000     
   0.13965000000000E-01    0.13965000000000E-01     120.66711679311        -10.917600381461        -10.913023251038        -942.07094854158        -915.42608462503        -914.98198438766         1,000.000000000         0.0000000000000     
   0.14000000000000E-01    0.14000000000000E-01     123.24011762660        -9.3445659156947        -9.3400561366022        -929.24125564776        -901.95581849808        -901.50104189787         1,000.000000000         0.0000000000000     
   0.14035000000000E-01    0.14035000000000E-01     125.79166268889        -7.7409108277939        -7.7364688859809        -916.08305976683        -888.38836260964        -887.92676487391         1,000.000000000         0.0000000000000     
   0.14070000000000E-01    0.14070000000000E-01     128.32130776287        -6.1203327069582        -6.1159590660957        -902.59381203022        -874.72817250575        -874.26372560101         1,000.000000000         0.0000000000000     
   0.14105000000000E-01    0.14105000000000E-01     130.82861244419        -4.4967605696756        -4.4924556773422        -888.77580050068        -860.97846669655        -860.51515809427         1,000.000000000         0.0000000000000     
   0.14140000000000E-01    0.14140000000000E-01     133.31314021787        -2.8840022458044        -2.8797665397034        -874.63608538714        -847.14122018658        -846.68295260379         1,000.000000000         0.0000000000000     
   0.14175000000000E-01    0.14175000000000E-01     135.77445853435        -1.2953996053569        -1.2912335194053        -860.18631439935        -833.21719033259        -832.76768497798         1,000.000000000         0.0000000000000     
   0.14210000000000E-01    0.14210000000000E-01     138.21213888477        0.25649971274645        0.26059574261602        -845.44242454453        -819.20597391344        -818.76867965770         1,000.000000000         0.0000000000000     
   0.14245000000000E-01    0.14245000000000E-01     140.62575687557         1.7602459451956         1.7642714756633        -830.42423947120        -805.10609354066        -804.68410423499         1,000.000000000         0.0000000000000     
   0.14280000000000E-01    0.14280000000000E-01     143.01489230238         3.2057588332041         3.2097134087581        -815.15497399856        -790.91511079439        -790.51109273547         1,000.000000000         0.0000000000000     
   0.14315000000000E-01    0.14315000000000E-01     145.37912922319         4.5845607608072         4.5884439096215        -799.66065967322        -776.62976284773        -776.24589409087         1,000.000000000         0.0000000000000     
   0.14350000000000E-01    0.14350000000000E-01     147.71805603075         5.8899659937322         5.8937772243261        -783.96950701624        -762.24611876606        -761.88404167553         1,000.000000000         0.0000000000000     
   0.14385000000000E-01    0.14385000000000E-01     150.03126552421         7.1172217993935         7.1209605981497        -768.11122152260        -747.75975124157        -747.42053930029         1,000.000000000         0.0000000000000     
   0.14420000000000E-01    0.14420000000000E-01     152.31835498007         8.2635985091914         8.2672643387872        -752.11629142038        -733.16591916513        -732.85005870081         1,000.000000000         0.0000000000000     
   0.14455000000000E-01    0.14455000000000E-01     154.57892622223         9.3284269223777         9.3320192211589        -736.01526567283        -718.45975624661        -718.16714333197         1,000.000000000         0.0000000000000     
   0.14490000000000E-01    0.14490000000000E-01     156.81258569136         10.313082811491         10.316600993795        -719.83804070441        -703.63646078292        -703.36641318950         1,000.000000000         0.0000000000000     
   0.14525000000000E-01    0.14525000000000E-01     159.01894451337         11.220919637855         11.224363095264        -703.61317386137        -688.69148173230        -688.44276542494         1,000.000000000         0.0000000000000     
   0.14560000000000E-01    0.14560000000000E-01     161.19761856718         12.057151887734         12.060519991216        -687.36724069388        -673.62069639010        -673.39156569752         1,000.000000000         0.0000000000000     
   0.14595000000000E-01    0.14595000000000E-01     163.34822855151         12.828692662979         12.831984765855        -671.12425180205        -658.42057526087        -658.20882551044         1,000.000000000         0.0000000000000     
   0.14630000000000E-01    0.14630000000000E-01     165.47040005098         13.543950274315         13.547165715966        -654.90514326093        -643.08833008380        -642.89136119918         1,000.000000000         0.0000000000000     
   0.14665000000000E-01    0.14665000000000E-01     167.56376360127         14.212589563977         14.215727674185        -638.72735257906        -627.62204147415        -627.43693076468         1,000.000000000         0.0000000000000     
   0.14700000000000E-01    0.14700000000000E-01     169.62795475346         14.845264504067         14.848324607883        -622.60448980880        -612.02076318666        -611.84434535893         1,000.000000000         0.0000000000000     
   0.14735000000000E-01    0.14735000000000E-01     171.66261413744         15.453329259218         15.456310682221        -606.54611087703        -596.28460066445        -596.11355291781         1,000.000000000         0.0000000000000     
   0.14770000000000E-01    0.14770000000000E-01     173.66738752452         16.048535352809         16.051437426620        -590.55759750960        -580.41476219967        -580.24569217855         1,000.000000000         0.0000000000000     
   0.14805000000000E-01    0.14805000000000E-01     175.64192588906         16.642722826320         16.645544894228        -574.64014535340        -564.41358177361        -564.24311609558         1,000.000000000         0.0000000000000     
   0.14840000000000E-01    0.14840000000000E-01     177.58588546929         17.247513327744         17.250254750311        -558.79085912641        -548.28451335450        -548.10938446028         1,000.000000000         0.0000000000000     
   0.14875000000000E-01    0.14875000000000E-01     179.49892782710         17.874012908854         17.876673069340        -543.00295092006        -532.03209718210        -531.84922631568         1,000.000000000         0.0000000000000     
   0.14910000000000E-01    0.14910000000000E-01     181.38071990698         18.532531959244         18.535110268741        -527.26603520728        -515.66189925121        -515.46847351740         1,000.000000000         0.0000000000000     
   0.14945000000000E-01    0.14945000000000E-01     183.23093409402         19.232329169084         19.234825071213        -511.56651173703        -499.18042589372        -498.97396750762         1,000.000000000         0.0000000000000     
   0.14980000000000E-01    0.14980000000000E-01     185.04924827093         19.981385708444         19.983798683524        -495.88802538017        -482.59501594392        -482.37344202182         1,000.000000000         0.0000000000000     
   0.15015000000000E-01    0.15015000000000E-01     186.83534587415         20.786214959165         20.788544527733        -480.21199018203        -465.91371353077        -465.67538502388         1,000.000000000         0.0000000000000     
   0.15050000000000E-01    0.15050000000000E-01     188.58891594889         21.651712159097         21.653957884722        -464.51816341587        -449.14512497000        -448.88888364834         1,000.000000000         0.0000000000000     
   0.15085000000000E-01    0.15085000000000E-01     190.30965320336         22.581047244739         22.583208736057        -448.78525435177        -432.29826360865        -432.02345630993         1,000.000000000         0.0000000000000     
   0.15120000000000E-01    0.15120000000000E-01     191.99725806185         23.575603035381         23.577679947315        -432.99155177854        -415.38238670670        -415.08887641077         1,000.000000000         0.0000000000000     
   0.15155000000000E-01    0.15155000000000E-01     193.65143671692         24.634959719887         24.636951754031        -417.11555405476        -398.40682861022        -398.09499222930         1,000.000000000         0.0000000000000     
   0.15190000000000E-01    0.15190000000000E-01     195.27190118053         25.756925416743         25.758832320915        -401.13658561950        -381.38083448470        -381.05154761028         1,000.000000000         0.0000000000000     
   0.15225000000000E-01    0.15225000000000E-01     196.85836933422         26.937611409434         26.939432976429        -385.03538445431        -364.31339882820        -363.96800799251         1,000.000000000         0.0000000000000     
   0.15260000000000E-01    0.15260000000000E-01     198.41056497816         28.171549541931         28.173285607495        -368.79464593621        -347.21311278244        -346.85339611384         1,000.000000000         0.0000000000000     
   0.15295000000000E-01    0.15295000000000E-01     199.92821787928         29.451848220802         29.453498660922        -352.39950982632        -330.08802400495        -329.71614142848         1,000.000000000         0.0000000000000     
   0.15330000000000E-01    0.15330000000000E-01     201.41106381833         30.770382536651         30.771947264214        -335.83797876425        -312.94551247224        -312.56394686822         1,000.000000000         0.0000000000000     
   0.15365000000000E-01    0.15365000000000E-01     202.85884463583         32.118013210388         32.119492171314        -319.10125853665        -295.79218515612        -295.40367608942         1,000.000000000         0.0000000000000     
   0.15400000000000E-01    0.15400000000000E-01     204.27130827706         33.484828408238         33.486221577198        -302.18401250901        -278.63379197295        -278.24126378373         1,000.000000000         0.0000000000000     
   0.15435000000000E-01    0.15435000000000E-01     205.64820883592         34.860401968181         34.861709344006        -285.08452489551        -261.47516485471        -261.08165100968         1,000.000000000         0.0000000000000     
   0.15470000000000E-01    0.15470000000000E-01     206.98930659775         36.234061250245         36.235282851151        -267.80476993162        -244.32018115539        -243.92874683924         1,000.000000000         0.0000000000000     
   0.15505000000000E-01    0.15505000000000E-01     208.29436808104         37.595157669909         37.596293528669        -250.35038644684        -227.17175199326        -226.78541692674         1,000.000000000         0.0000000000000     
   0.15540000000000E-01    0.15540000000000E-01     209.56316607813         38.933332999268         38.934383158445        -232.73055974739        -210.03183546512        -209.65349891487         1,000.000000000         0.0000000000000     
   0.15575000000000E-01    0.15575000000000E-01     210.79547969472         40.238774721528         40.239739228899        -214.95781505013        -192.90147405902        -192.53384391084         1,000.000000000         0.0000000000000     
   0.15610000000000E-01    0.15610000000000E-01     211.99109438834         41.502454093353         41.503332997628        -197.04772890092        -175.78085496346        -175.42638261345         1,000.000000000         0.0000000000000     
   0.15645000000000E-01    0.15645000000000E-01     213.14980200570         42.716341094936         42.717134441893        -179.01856700978        -158.66939142884        -158.33021406366         1,000.000000000         0.0000000000000     
   0.15680000000000E-01    0.15680000000000E-01     214.27140081894         43.873591113962         43.874298943076        -160.89085869252        -141.56582280358        -141.24371444360         1,000.000000000         0.0000000000000     
   0.15715000000000E-01    0.15715000000000E-01     215.35569556074         44.968698997956         44.969321339609        -142.68691958313        -124.46833044735        -124.16466287361         1,000.000000000         0.0000000000000     
   0.15750000000000E-01    0.15750000000000E-01     216.40249745831         45.997616998262         45.998153871594        -124.43033543972        -107.37466633522        -107.09038076593         1,000.000000000         0.0000000000000     
   0.15785000000000E-01    0.15785000000000E-01     217.41162426629         46.957834094061         46.958285505515        -106.14542068266        -90.282290909066        -90.017880995050         1,000.000000000         0.0000000000000     
   0.15820000000000E-01    0.15820000000000E-01     218.38290029841         47.848415200839         47.848781143422        -87.856665762701        -73.188516521541        -72.944022945969         1,000.000000000         0.0000000000000     
   0.15855000000000E-01    0.15855000000000E-01     219.31615645816         48.669999808082         48.670280261346        -69.588187550378        -56.090652747586        -55.865669404733         1,000.000000000         0.0000000000000     
   0.15890000000000E-01    0.15890000000000E-01     220.21123026815         49.424760628820         49.424955559569        -51.363196669791        -38.986149818374        -38.779841263662         1,000.000000000         0.0000000000000     
   0.15925000000000E-01    0.15925000000000E-01     221.06796589845         50.116323852746         50.116433216428        -33.203495081170        -21.872736553691        -21.683866123302         1,000.000000000         0.0000000000000     
   0.15960000000000E-01    0.15960000000000E-01     221.88621419372         50.749653549587         50.749677292333        -15.129016267833        -4.7485493348499        -4.5755170813294         1,000.000000000         0.0000000000000     
   0.15995000000000E-01    0.15995000000000E-01     222.66583269913         51.330903646732         51.330841707977         2.8425808669787         12.387751042669         12.546861701804         1,000.000000000         0.0000000000000     
   0.16030000000000E-01    0.16030000000000E-01     223.40668568520         99.398422671636         51.009938852639         20.547553786865        0.48346370580977E-11     27.308043069386         1,000.000000000         0.0000000000000     
   0.16065000000000E-01    0.16065000000000E-01     224.10864417145         207.28332878825         49.314099529902         37.595508706988        0.15796563072900E-10     34.340474711558         1,000.000000000         2.0000000000000     
   0.16100000000000E-01    0.16100000000000E-01     224.77158594879         320.54963604514         46.654460504952         53.592115005603        0.27369008413227E-10     30.383129435278         1,000.000000000         2.0000000000000     
   0.16135000000000E-01    0.16135000000000E-01     225.39539560086         402.96068518876         43.101216743255         68.233385395529        0.35972754892325E-10     16.708898646854         1,000.000000000         2.0000000000000     
   0.16170000000000E-01    0.16170000000000E-01     225.97996452407         428.20627831776         38.741346707057         81.247872988474        0.38924859531084E-10    -2.2828454302080         1,000.000000000         2.0000000000000     
   0.16205000000000E-01    0.16205000000000E-01     226.52519094657         388.36638808856         33.676571113630         92.401575929066        0.35452949407320E-10    -20.482806129258         1,000.000000000         2.0000000000000     
   0.16240000000000E-01    0.16240000000000E-01     227.03097994590         296.45467529960         28.021050052355         101.50200331473        0.26845160886998E-10    -32.038172607232         1,000.000000000         2.0000000000000     
   0.16275000000000E-01    0.16275000000000E-01     227.49724346558         182.22495732570         21.898869351505         108.40133500015        0.16028606901768E-10    -33.235951949239         1,000.000000000         2.0000000000000     
   0.16310000000000E-01    0.16310000000000E-01     227.92390033037         82.591941859119         15.441370451215         112.99862729554        0.67110623698866E-11    -23.697199745928         1,000.000000000         2.0000000000000     
   0.16345000000000E-01    0.16345000000000E-01     228.31087626048         29.750268541039         8.7843802539774         115.24103660977        0.20941220965957E-11    -6.4980421501088         1,000.000000000         2.0000000000000     
   0.16380000000000E-01    0.16380000000000E-01     228.65810388444         40.815722724469         2.0653984635363         115.12405334821        0.38708804296129E-11     12.821158826360         1,000.000000000         2.0000000000000     
   0.16415000000000E-01    0.16415000000000E-01     228.96552275086         112.32160397858        -4.5792002135849         112.69075843881        0.11685015171984E-10     28.039344747437         1,000.000000000         2.0000000000000     
   0.16450000000000E-01    0.16450000000000E-01     229.23307933895         221.33994958845        -11.016892919307         108.03013432884        0.23232086793343E-10     34.256852743952         1,000.000000000         2.0000000000000     
   0.16485000000000E-01    0.16485000000000E-01     229.46072706783         332.86498198522        -17.121610860131         101.27448078519        0.34969219055538E-10     29.471737197116         1,000.000000000         2.0000000000000     
   0.16520000000000E-01    0.16520000000000E-01     229.64842630465         411.08109862426        -22.776166636910         92.596002990175        0.43398645307058E-10     15.223186596697         1,000.000000000         2.0000000000000     
   0.16555000000000E-01    0.16555000000000E-01     229.79614437147         430.88835349779        -27.874460826169         82.202654927358        0.45861416471090E-10    -3.9047552403033         1,000.000000000         2.0000000000000     
   0.16590000000000E-01    0.16590000000000E-01     229.90385555098         385.97652045397        -32.323427187859         70.333334616395        0.41830068190718E-10    -21.759149356079         1,000.000000000         2.0000000000000     
   0.16625000000000E-01    0.16625000000000E-01     229.97154109096         290.85049956519        -36.044681839123         57.252539141293        0.32681870955982E-10    -32.598576866007         1,000.000000000         2.0000000000000     
   0.16660000000000E-01    0.16660000000000E-01     229.99918920753         176.15696988752        -38.975848293338         43.244596431847        0.21508268019529E-10    -32.940582949746         1,000.000000000         2.0000000000000     
   0.16695000000000E-01    0.16695000000000E-01     229.98679508723         78.817994639336        -41.071537276085         28.607597262373        0.11983608685451E-10    -22.681688620615         1,000.000000000         2.0000000000000     
   0.16730000000000E-01    0.16730000000000E-01     229.93436088785         30.147964679101        -42.303967545670         13.647154837690        0.72441264616151E-11    -5.1297570709285         1,000.000000000         2.0000000000000     
   0.16765000000000E-01    0.16765000000000E-01     229.84189573804         45.778341075595        -42.663221412887        -1.3298793902221        0.88395985680962E-11     14.061400726083         1,000.000000000         2.0000000000000     
   0.16800000000000E-01    0.16800000000000E-01     229.70941573574         120.63186252732        -42.157136119864        -16.021616370547        0.16274855473160E-10     28.712040103502         1,000.000000000         2.0000000000000     
   0.16835000000000E-01    0.16835000000000E-01     229.53694394534         230.56209825756        -40.810839550742        -30.137123142166        0.27126886586353E-10     34.105237456678         1,000.000000000         2.0000000000000     
   0.16870000000000E-01    0.16870000000000E-01     229.32451039372         340.12890849786        -38.665945763050        -43.402092435773        0.37870756674379E-10     28.504368394982         1,000.000000000         2.0000000000000     
   0.16905000000000E-01    0.16905000000000E-01     229.07215206500         414.00601819335        -35.779432411685        -55.564079610943        0.44935451064580E-10     13.711122859670         1,000.000000000         2.0000000000000     
   0.16940000000000E-01    0.16940000000000E-01     228.77991289407         428.34880540318        -32.222228162379        -66.397208936614        0.46056843065647E-10    -5.5152444539640         1,000.000000000         2.0000000000000     
   0.16975000000000E-01    0.16975000000000E-01     228.44784375898         378.46422136655        -28.077543546696        -75.706263600998        0.40626739304531E-10    -22.990232138309         1,000.000000000         2.0000000000000     
   0.17010000000000E-01    0.17010000000000E-01     228.07600247207         280.31572260487        -23.438983299685        -83.330087725012        0.30347321098407E-10    -33.094624296862         1,000.000000000         2.0000000000000     
   0.17045000000000E-01    0.17045000000000E-01     227.66445376991         165.38063634203        -18.408481965113        -89.144243745981        0.18359357816574E-10    -32.582567853286         1,000.000000000         2.0000000000000     
   0.17080000000000E-01    0.17080000000000E-01     227.21326930200         70.516665324140        -13.094107390949        -93.062884511043        0.83565805710233E-11    -21.625415585483         1,000.000000000         2.0000000000000     
   0.17115000000000E-01    0.17115000000000E-01     226.72252761835         26.099813625151        -7.6077786279268        -95.039815935439        0.33712089177640E-11    -3.7556425282128         1,000.000000000         2.0000000000000     
   0.17150000000000E-01    0.17150000000000E-01     226.19231415575         46.251362765108        -2.0629456648748        -95.068742797764        0.48262395734586E-11     15.270813465339         1,000.000000000         2.0000000000000     
   0.17185000000000E-01    0.17185000000000E-01     225.62272122294         124.29822916551         3.4277216157079        -93.182706822194        0.12080421163191E-10     29.327395906337         1,000.000000000         2.0000000000000     
   0.17220000000000E-01    0.17220000000000E-01     225.01384798451         234.92609233271         8.7545888819258        -89.452742305243        0.22601815506521E-10     33.888525903527         1,000.000000000         2.0000000000000     
   0.17255000000000E-01    0.17255000000000E-01     224.36580044363         342.33058251015         13.813212736906        -83.985789865453        0.32844335263397E-10     27.485468483633         1,000.000000000         2.0000000000000     
   0.17290000000000E-01    0.17290000000000E-01     223.67869142364         411.74186444064         18.506354366050        -76.921923133694        0.39332603404200E-10     12.178121191006         1,000.000000000         2.0000000000000     
   0.17325000000000E-01    0.17325000000000E-01     222.95264054835         420.61313685256         22.745813343448        -68.430956091313        0.39737740956938E-10    -7.1088226698328         1,000.000000000         2.0000000000000     
   0.17360000000000E-01    0.17360000000000E-01     222.18777422126         365.87274058409         26.454047773069        -58.708510067036        0.33924820655310E-10    -24.171403769219         1,000.000000000         2.0000000000000     
   0.17395000000000E-01    0.17395000000000E-01     221.38422560353         264.90727116845         29.565551826885        -47.971628920900        0.23491092527954E-10    -33.523150182514         1,000.000000000         2.0000000000000     
   0.17430000000000E-01    0.17430000000000E-01     220.54213459079         149.96106459802         32.027967127068        -36.454038513904        0.11781848825547E-10    -32.160396429129         1,000.000000000         2.0000000000000     
   0.17465000000000E-01    0.17465000000000E-01     219.66164778883         57.756087952577         33.802910185666        -24.401152066596        0.23947332425433E-11    -20.528161653965         1,000.000000000         2.0000000000000     
   0.17500000000000E-01    0.17500000000000E-01     218.74291848801         17.673817340378         34.866504140161        -12.064926373227       -0.17211760310184E-11    -2.3759929815759         1,000.000000000         2.0000000000000     
   0.17535000000000E-01    0.17535000000000E-01     217.78610663661         42.302508765308         35.209609181081        0.30132497026584        0.70765028765182E-12     16.449530938677         1,000.000000000         2.0000000000000     
   0.17570000000000E-01    0.17570000000000E-01     216.79137881299         123.39104756755         34.837752232237         12.448056132943        0.88545317589563E-11     29.886776948331         1,000.000000000         2.0000000000000     
   0.17605000000000E-01    0.17605000000000E-01     215.75890819658         234.50991494964         33.770762490822         24.134449287054        0.20060119506531E-10     33.609718698603         1,000.000000000         2.0000000000000     
   0.17640000000000E-01    0.17640000000000E-01     214.68887453771         339.56113668281         32.042125243844         35.133113466526        0.30736924913925E-10     26.419550863261         1,000.000000000         2.0000000000000     
   0.17675000000000E-01    0.17675000000000E-01     213.58146412637         404.39714434604         29.698071836350         45.234431933312        0.37425235978848E-10     10.629596372937         1,000.000000000         2.0000000000000     
   0.17710000000000E-01    0.17710000000000E-01     212.43686975969         407.80880366624         26.796428671592         54.250476572774        0.38098266335880E-10    -8.6800767613157         1,000.000000000         2.0000000000000     
   0.17745000000000E-01    0.17745000000000E-01     211.25529070847         348.34689472002         23.405252580916         62.018417964759        0.32474422422804E-10    -25.298156922168         1,000.000000000         2.0000000000000     
   0.17780000000000E-01    0.17780000000000E-01     210.03693268242         244.78307707925         19.601283731313         68.403371164518        0.22487109457771E-10    -33.881167443932         1,000.000000000         2.0000000000000     
   0.17815000000000E-01    0.17815000000000E-01     208.78200779439         130.06375813384         15.468250374919         73.300629626190        0.11440888418124E-10    -31.672729096265         1,000.000000000         2.0000000000000     
   0.17850000000000E-01    0.17850000000000E-01     207.49073452340         40.704272492721         11.095062136205         76.637252844023        0.29618006249063E-11    -19.389834127221         1,000.000000000         2.0000000000000     
   0.17885000000000E-01    0.17885000000000E-01     206.16333767663         5.0375269275105         6.5739301438079         78.372986895306       -0.15402701222756E-12   -0.99116333861113         1,000.000000000         2.0000000000000     
   0.17920000000000E-01    0.17920000000000E-01     204.80004835029         34.098950528758         1.9984531258830         78.500510862124        0.32065939936958E-11     17.597691110755         1,000.000000000         2.0000000000000     
   0.17955000000000E-01    0.17955000000000E-01     203.40110388936         118.08019758990        -2.5382914019216         77.045015805476        0.12060353258604E-10     30.391592924199         1,000.000000000         2.0000000000000     
   0.17990000000000E-01    0.17990000000000E-01     201.96674784629         229.49124680911        -6.9456125047336         74.063136290968        0.23627510572241E-10     33.271863772527         1,000.000000000         2.0000000000000     
   0.18025000000000E-01    0.18025000000000E-01     200.49722993858         332.01149971062        -11.136990938665         69.641267158192        0.34293019101218E-10     25.311137885535         1,000.000000000         2.0000000000000     
   0.18060000000000E-01    0.18060000000000E-01     198.99280600534         392.18007259250        -15.031749440317         63.893310041374        0.40705928414770E-10     9.0709037613290         1,000.000000000         2.0000000000000     
   0.18095000000000E-01    0.18095000000000E-01     197.45373796270         390.16262493748        -18.556576541724         56.957904864094        0.40827676695443E-10    -10.223730992683         1,000.000000000         2.0000000000000     
   0.18130000000000E-01    0.18130000000000E-01     195.88029375824         326.13027072151        -21.646875752942         48.995210949161        0.34786189635197E-10    -26.366185702081         1,000.000000000         2.0000000000000     
   0.18165000000000E-01    0.18165000000000E-01     194.27274732435         220.19908307942        -24.247915957167         40.183310338624        0.24430656201399E-10    -34.165921521914         1,000.000000000         2.0000000000000     
   0.18200000000000E-01    0.18200000000000E-01     192.63137853051         105.95143553345        -26.315763283358         30.714312273674        0.13228794551760E-10    -31.118448504311         1,000.000000000         2.0000000000000     
   0.18235000000000E-01    0.18235000000000E-01     190.95647313459         19.625748076299        -27.817979462489         20.790242439411        0.47436140505528E-11    -18.210515756904         1,000.000000000         2.0000000000000     
   0.18270000000000E-01    0.18270000000000E-01     189.24832273309        -11.545484787309        -28.734076634866         10.618803470660        0.17200350776385E-11    0.39838269199082         1,000.000000000         2.0000000000000     
   0.18305000000000E-01    0.18305000000000E-01     187.50722471038         21.903611577366        -29.055723653602        0.40909431455806        0.50944898256564E-11     18.715386659259         1,000.000000000         2.0000000000000     
   0.18340000000000E-01    0.18340000000000E-01     185.73348218691         108.63121984735        -28.786704019172        -9.6326246378487        0.13732997689877E-10     30.843246637894         1,000.000000000         2.0000000000000     
   0.18375000000000E-01    0.18375000000000E-01     183.92740396646         220.14340418762        -27.942630579217        -19.307036160580        0.24802933957981E-10     32.878001556585         1,000.000000000         2.0000000000000     
   0.18410000000000E-01    0.18410000000000E-01     182.08930448237         319.96813797550        -26.550426937307        -28.425660133400        0.34654326087067E-10     24.164703465118         1,000.000000000         2.0000000000000     
   0.18445000000000E-01    0.18445000000000E-01     180.21950374278         375.39411021084        -24.647590040710        -36.814462035574        0.39988806604702E-10     7.5072806694384         1,000.000000000         2.0000000000000     
   0.18480000000000E-01    0.18480000000000E-01     178.31832727494         367.99611753861        -22.281252573954        -44.317108253114        0.38995546971631E-10    -11.734705053490         1,000.000000000         2.0000000000000     
   0.18515000000000E-01    0.18515000000000E-01     176.38610606855         299.56036123921        -19.507067494943        -50.797808741469        0.31884035376370E-10    -27.371441403238         1,000.000000000         2.0000000000000     
   0.18550000000000E-01    0.18550000000000E-01     174.42317651808         191.50418884739        -16.387940246434        -56.143696921658        0.20771273969485E-10    -34.374942820603         1,000.000000000         2.0000000000000     
   0.18585000000000E-01    0.18585000000000E-01     172.42988036426         77.978798838429        -12.992636802451        -60.266706872018        0.90896791165424E-11    -30.496708613063         1,000.000000000         2.0000000000000     
   0.18620000000000E-01    0.18620000000000E-01     170.40656463456        -5.1238362050738        -9.3942977235471        -63.104918690397        0.42718073815697E-12    -16.990511411786         1,000.000000000         2.0000000000000     
   0.18655000000000E-01    0.18655000000000E-01     168.35358158278        -31.721184443332        -5.6688897667476        -64.623354114158       -0.26049126099432E-11     1.7920267042074         1,000.000000000         2.0000000000000     
   0.18690000000000E-01    0.18690000000000E-01     166.27128862771         6.0694438706750        -1.8936273090193        -64.814215865099        0.79598396558918E-12     19.802618046652         1,000.000000000         2.0000000000000     
   0.18725000000000E-01    0.18725000000000E-01     164.16004829094         95.399423612577         1.8546041058315        -63.696575501202        0.93490321346622E-11     31.243084663016         1,000.000000000         2.0000000000000     
   0.18760000000000E-01    0.18760000000000E-01     162.02022813368         206.82926903661         5.5007903873798        -61.315525580426        0.20121709813224E-10     32.431112722179         1,000.000000000         2.0000000000000     
   0.18795000000000E-01    0.18795000000000E-01     159.85220069285         303.80679854377         8.9732672051225        -57.740822456415        0.29481748294003E-10     22.984618424815         1,000.000000000         2.0000000000000     
   0.18830000000000E-01    0.18830000000000E-01     157.65634341616         354.43151453800         12.205105321788        -53.065055829207        0.34188568927393E-10     5.9437907148065         1,000.000000000         2.0000000000000     
   0.18865000000000E-01    0.18865000000000E-01     155.43303859642         341.71885272919         15.135376660824        -47.401390080539        0.32659218753874E-10    -13.208168891197         1,000.000000000         2.0000000000000     
   0.18900000000000E-01    0.18900000000000E-01     153.18267330499         269.06173366008         17.710277671032        -40.880930269402        0.25118048849085E-10    -28.310184862527         1,000.000000000         2.0000000000000     
   0.18935000000000E-01    0.18935000000000E-01     150.90563932438         159.13324282722         19.884089829577        -33.649772309232        0.13912784668096E-10    -34.506095613351         1,000.000000000         2.0000000000000     
   0.18970000000000E-01    0.18970000000000E-01     148.60233308006         46.585360184705         21.619960752199        -25.865802180635        0.24939191066008E-11    -29.806980182356         1,000.000000000         2.0000000000000     
   0.19005000000000E-01    0.19005000000000E-01     146.27315557140        -33.105039680657         22.890493277365        -17.695312967911       -0.55972606310593E-11    -15.730391169282         1,000.000000000         2.0000000000000     
   0.19040000000000E-01    0.19040000000000E-01     143.91851230191        -55.052556077877         23.678133976106        -9.3095109889321       -0.78703917061123E-11     3.1889532280009         1,000.000000000         2.0000000000000     
   0.19075000000000E-01    0.19075000000000E-01     141.53881320862        -12.968200270564         23.975356725940       -0.88098329112343       -0.36930831317865E-11     20.859250090452         1,000.000000000         2.0000000000000     
   0.19110000000000E-01    0.19110000000000E-01     139.13447259071         78.822102557892         23.784641189506         7.4198016831496        0.55001652443155E-11     31.592351525810         1,000.000000000         2.0000000000000     
   0.19145000000000E-01    0.19145000000000E-01     136.70590903738         189.99333943108         23.118250171410         15.427890365881        0.16668226891228E-10     31.934069544606         1,000.000000000         2.0000000000000     
   0.19180000000000E-01    0.19180000000000E-01     134.25354535496         283.98438550742         21.997813808348         22.987070653420        0.26171534642287E-10     21.775099641919         1,000.000000000         2.0000000000000     
   0.19215000000000E-01    0.19215000000000E-01     131.77780849336         329.76503621726         20.453732300168         29.952866769956        0.30905857588442E-10     4.3852721923270         1,000.000000000         2.0000000000000     
   0.19250000000000E-01    0.19250000000000E-01     129.27912947166         311.81997430116         18.524412341617         36.195246094703        0.29327016973880E-10    -14.639593287178         1,000.000000000         2.0000000000000     
   0.19285000000000E-01    0.19285000000000E-01     126.75794330311         235.13737591002         16.255355501743         41.600988415328        0.21889639945349E-10    -29.179034364851         1,000.000000000         2.0000000000000     
   0.19320000000000E-01    0.19320000000000E-01     124.21468891943         123.59822660480         13.698119464371         46.075675723186        0.10978515155074E-10    -34.557622380953         1,000.000000000         2.0000000000000     
   0.19355000000000E-01    0.19355000000000E-01     121.64980909431         12.286477041073         10.909175242395         49.545269030277        0.13774915656370E-12    -29.049091655454         1,000.000000000         2.0000000000000     
   0.19390000000000E-01    0.19390000000000E-01     119.06375036640        -63.803733801986         7.9486851745116         51.957247582871       -0.71710834224415E-11    -14.431028826300         1,000.000000000         2.0000000000000     
   0.19425000000000E-01    0.19425000000000E-01     116.45696296152        -81.028838440872         4.8792276800583         53.281295084085       -0.85824042134425E-11     4.5881118897789         1,000.000000000         2.0000000000000     
   0.19460000000000E-01    0.19460000000000E-01     113.82990071433        -34.700939840184         1.7644953714446         53.509526925514       -0.36420510907804E-11     21.884973024887         1,000.000000000         2.0000000000000     
   0.19495000000000E-01    0.19495000000000E-01     111.18302098924         59.409022655284        -1.3320067989745         52.656261774570        0.60708879973624E-11     31.892148401097         1,000.000000000         2.0000000000000     
   0.19530000000000E-01    0.19530000000000E-01     108.51678460086         170.15206814625        -4.3482371418753         50.757349982051        0.17446388860090E-10     31.389591879483         1,000.000000000         2.0000000000000     
   0.19565000000000E-01    0.19565000000000E-01     105.83165573375         261.02914090109        -7.2248413492145         47.869079983908        0.26810223742539E-10     20.540163980467         1,000.000000000         2.0000000000000     
   0.19600000000000E-01    0.19600000000000E-01     103.12810186156         301.93793790696        -9.9063013655250         44.066692003935        0.31166738230482E-10     2.8362914515155         1,000.000000000         2.0000000000000     
   0.19635000000000E-01    0.19635000000000E-01     100.40659366572         278.85805633211        -12.341987175487         39.442535766269        0.29121623766149E-10    -16.024795208510         1,000.000000000         2.0000000000000     
   0.19670000000000E-01    0.19670000000000E-01     97.667604953456         198.35840046045        -14.487092002971         34.103915461793        0.21270535517388E-10    -29.975008146676         1,000.000000000         2.0000000000000     
   0.19705000000000E-01    0.19705000000000E-01     94.911612575281         85.477816577550        -16.303434101225         28.170670764082        0.10172027557423E-10    -34.528182643521         1,000.000000000         2.0000000000000     
   0.19740000000000E-01    0.19740000000000E-01     92.139096342021        -24.337215944997        -17.760111290782         21.772547163614       -0.65745426816458E-12    -28.223264512210         1,000.000000000         2.0000000000000     
   0.19775000000000E-01    0.19775000000000E-01     89.350538941255        -96.641789948639        -18.833997605909         15.046412212155       -0.77697027820898E-11    -13.093634918450         1,000.000000000         2.0000000000000     
   0.19810000000000E-01    0.19810000000000E-01     86.546425853284        -109.07632730349        -19.510074773630         8.1333763954191       -0.89507407257208E-11     5.9881850013711         1,000.000000000         2.0000000000000     
   0.19845000000000E-01    0.19845000000000E-01     83.727245266616        -58.558282890383        -19.781594701055         1.1758782591219       -0.38714729291595E-11     22.879268948967         1,000.000000000         2.0000000000000     
   0.19880000000000E-01    0.19880000000000E-01     80.893487992965         37.731382891269        -19.650072615819        -5.6852068957607        0.57343236909357E-11     32.143397211978         1,000.000000000         2.0000000000000     
   0.19915000000000E-01    0.19915000000000E-01     78.045647381811         147.88269313004        -19.125113920866        -12.313376931195        0.16695658053225E-10     30.800208638773         1,000.000000000         2.0000000000000     
   0.19950000000000E-01    0.19950000000000E-01     75.184219234502         235.52933705668        -18.224081120524        -18.579176223336        0.25351854929999E-10     19.283587890773         1,000.000000000         2.0000000000000     
   0.19985000000000E-01    0.19985000000000E-01     72.309701717941         271.55254462899        -16.971610285746        -24.362680969000        0.28833097451018E-10     1.3011021506057         1,000.000000000         2.0000000000000     
